year,rank,name,appid,month,avg_players,peak_players,status
2020,1,Apex Legends™,1172470,2020-11,74957.26,117193.0,ok
2020,1,Apex Legends™,1172470,2020-12,64469.75,112076.0,ok
2020,2,Cyberpunk 2077,1091500,2020-12,332395.65,830387.0,ok
2020,3,Phasmophobia,739630,2020-10,44993.03,112241.0,ok
2020,3,Phasmophobia,739630,2020-11,36602.96,99089.0,ok
2020,3,Phasmophobia,739630,2020-12,21998.04,45537.0,ok
2020,4,Deep Rock Galactic,548430,2020-01,2512.05,5242.0,ok
2020,4,Deep Rock Galactic,548430,2020-02,3308.93,19471.0,ok
2020,4,Deep Rock Galactic,548430,2020-03,6473.72,20030.0,ok
2020,4,Deep Rock Galactic,548430,2020-04,3406.54,6541.0,ok
2020,4,Deep Rock Galactic,548430,2020-05,6563.21,15515.0,ok
2020,4,Deep Rock Galactic,548430,2020-06,6043.46,11326.0,ok
2020,4,Deep Rock Galactic,548430,2020-07,5366.93,10527.0,ok
2020,4,Deep Rock Galactic,548430,2020-08,3410.52,6370.0,ok
2020,4,Deep Rock Galactic,548430,2020-09,4634.19,9273.0,ok
2020,4,Deep Rock Galactic,548430,2020-10,5016.59,12457.0,ok
2020,4,Deep Rock Galactic,548430,2020-11,5527.01,11275.0,ok
2020,4,Deep Rock Galactic,548430,2020-12,6012.11,12395.0,ok
2020,5,Sea of Thieves: 2025 Edition,1172620,2020-06,29454.49,66632.0,ok
2020,5,Sea of Thieves: 2025 Edition,1172620,2020-07,21810.25,59104.0,ok
2020,5,Sea of Thieves: 2025 Edition,1172620,2020-08,12358.85,29221.0,ok
2020,5,Sea of Thieves: 2025 Edition,1172620,2020-09,9681.4,26959.0,ok
2020,5,Sea of Thieves: 2025 Edition,1172620,2020-10,6266.54,13235.0,ok
2020,5,Sea of Thieves: 2025 Edition,1172620,2020-11,10692.52,27087.0,ok
2020,5,Sea of Thieves: 2025 Edition,1172620,2020-12,13250.22,45381.0,ok
2020,6,Risk of Rain 2,632360,2020-01,7753.84,15061.0,ok
2020,6,Risk of Rain 2,632360,2020-02,5645.91,9544.0,ok
2020,6,Risk of Rain 2,632360,2020-03,5353.44,38104.0,ok
2020,6,Risk of Rain 2,632360,2020-04,18430.64,64501.0,ok
2020,6,Risk of Rain 2,632360,2020-05,5601.93,10349.0,ok
2020,6,Risk of Rain 2,632360,2020-06,3584.73,5839.0,ok
2020,6,Risk of Rain 2,632360,2020-07,4531.83,6344.0,ok
2020,6,Risk of Rain 2,632360,2020-08,25249.95,71033.0,ok
2020,6,Risk of Rain 2,632360,2020-09,12877.78,24530.0,ok
2020,6,Risk of Rain 2,632360,2020-10,5591.63,9952.0,ok
2020,6,Risk of Rain 2,632360,2020-11,5227.68,8984.0,ok
2020,6,Risk of Rain 2,632360,2020-12,5297.05,10075.0,ok
2020,7,Hades,1145360,2020-01,4234.54,8086.0,ok
2020,7,Hades,1145360,2020-02,2511.35,5566.0,ok
2020,7,Hades,1145360,2020-03,2077.26,5941.0,ok
2020,7,Hades,1145360,2020-04,997.62,2079.0,ok
2020,7,Hades,1145360,2020-05,1956.76,6070.0,ok
2020,7,Hades,1145360,2020-06,1754.97,5646.0,ok
2020,7,Hades,1145360,2020-07,2471.42,4995.0,ok
2020,7,Hades,1145360,2020-08,1267.52,1929.0,ok
2020,7,Hades,1145360,2020-09,11325.52,37586.0,ok
2020,7,Hades,1145360,2020-10,19587.12,32431.0,ok
2020,7,Hades,1145360,2020-11,18029.89,30509.0,ok
2020,7,Hades,1145360,2020-12,17602.44,29764.0,ok
2020,8,Squad,393380,2020-01,2988.87,5713.0,ok
2020,8,Squad,393380,2020-02,2861.43,5511.0,ok
2020,8,Squad,393380,2020-03,2759.64,5273.0,ok
2020,8,Squad,393380,2020-04,2825.55,6542.0,ok
2020,8,Squad,393380,2020-05,4012.98,11196.0,ok
2020,8,Squad,393380,2020-06,3002.12,5545.0,ok
2020,8,Squad,393380,2020-07,3570.61,6490.0,ok
2020,8,Squad,393380,2020-08,3809.93,6730.0,ok
2020,8,Squad,393380,2020-09,4925.72,14953.0,ok
2020,8,Squad,393380,2020-10,7690.21,14790.0,ok
2020,8,Squad,393380,2020-11,5711.32,10307.0,ok
2020,8,Squad,393380,2020-12,6115.32,14651.0,ok
2020,9,Factorio,427520,2020-01,8846.6,15389.0,ok
2020,9,Factorio,427520,2020-02,8914.44,15614.0,ok
2020,9,Factorio,427520,2020-03,9798.53,18335.0,ok
2020,9,Factorio,427520,2020-04,11222.09,18766.0,ok
2020,9,Factorio,427520,2020-05,9435.14,16378.0,ok
2020,9,Factorio,427520,2020-06,8545.99,13911.0,ok
2020,9,Factorio,427520,2020-07,7722.68,12180.0,ok
2020,9,Factorio,427520,2020-08,15775.35,34640.0,ok
2020,9,Factorio,427520,2020-09,16465.7,28351.0,ok
2020,9,Factorio,427520,2020-10,13746.76,23613.0,ok
2020,9,Factorio,427520,2020-11,12201.23,20177.0,ok
2020,9,Factorio,427520,2020-12,10814.38,17612.0,ok
2020,10,Detroit: Become Human,1222140,2020-06,3639.39,7194.0,ok
2020,10,Detroit: Become Human,1222140,2020-07,1435.06,3641.0,ok
2020,10,Detroit: Become Human,1222140,2020-08,627.08,1178.0,ok
2020,10,Detroit: Become Human,1222140,2020-09,681.59,1841.0,ok
2020,10,Detroit: Become Human,1222140,2020-10,387.88,1324.0,ok
2020,10,Detroit: Become Human,1222140,2020-11,669.08,2289.0,ok
2020,10,Detroit: Become Human,1222140,2020-12,612.76,1777.0,ok
2020,11,DOOM Eternal,782330,2020-03,31279.17,84865.0,ok
2020,11,DOOM Eternal,782330,2020-04,7587.19,19915.0,ok
2020,11,DOOM Eternal,782330,2020-05,3231.22,7646.0,ok
2020,11,DOOM Eternal,782330,2020-06,1991.55,7551.0,ok
2020,11,DOOM Eternal,782330,2020-07,3027.89,6900.0,ok
2020,11,DOOM Eternal,782330,2020-08,2331.68,5009.0,ok
2020,11,DOOM Eternal,782330,2020-09,1681.42,3038.0,ok
2020,11,DOOM Eternal,782330,2020-10,2583.85,10078.0,ok
2020,11,DOOM Eternal,782330,2020-11,3201.97,9091.0,ok
2020,11,DOOM Eternal,782330,2020-12,4408.05,7999.0,ok
2020,12,ULTRAKILL,1229490,2020-09,194.6,712.0,ok
2020,12,ULTRAKILL,1229490,2020-10,68.81,137.0,ok
2020,12,ULTRAKILL,1229490,2020-11,65.45,135.0,ok
2020,12,ULTRAKILL,1229490,2020-12,123.06,403.0,ok
2020,13,Grand Theft Auto IV: The Complete Edition,12210,2020-01,776.95,1386.0,ok
2020,13,Grand Theft Auto IV: The Complete Edition,12210,2020-02,638.65,1225.0,ok
2020,13,Grand Theft Auto IV: The Complete Edition,12210,2020-03,1425.78,4696.0,ok
2020,13,Grand Theft Auto IV: The Complete Edition,12210,2020-04,2176.46,4035.0,ok
2020,13,Grand Theft Auto IV: The Complete Edition,12210,2020-05,1490.76,2892.0,ok
2020,13,Grand Theft Auto IV: The Complete Edition,12210,2020-06,1223.29,2707.0,ok
2020,13,Grand Theft Auto IV: The Complete Edition,12210,2020-07,1585.53,2860.0,ok
2020,13,Grand Theft Auto IV: The Complete Edition,12210,2020-08,1131.89,1912.0,ok
2020,13,Grand Theft Auto IV: The Complete Edition,12210,2020-09,985.61,1646.0,ok
2020,13,Grand Theft Auto IV: The Complete Edition,12210,2020-10,970.45,1592.0,ok
2020,13,Grand Theft Auto IV: The Complete Edition,12210,2020-11,1092.48,2787.0,ok
2020,13,Grand Theft Auto IV: The Complete Edition,12210,2020-12,1637.57,3674.0,ok
2020,14,Borderlands 3,397540,2020-03,53124.97,93597.0,ok
2020,14,Borderlands 3,397540,2020-04,22173.78,49479.0,ok
2020,14,Borderlands 3,397540,2020-05,14973.16,34315.0,ok
2020,14,Borderlands 3,397540,2020-06,7133.96,18514.0,ok
2020,14,Borderlands 3,397540,2020-07,8785.67,17781.0,ok
2020,14,Borderlands 3,397540,2020-08,8873.5,23377.0,ok
2020,14,Borderlands 3,397540,2020-09,8705.12,18328.0,ok
2020,14,Borderlands 3,397540,2020-10,5595.13,10199.0,ok
2020,14,Borderlands 3,397540,2020-11,5728.6,15189.0,ok
2020,14,Borderlands 3,397540,2020-12,8540.47,16912.0,ok
2020,15,Ori and the Will of the Wisps,1057090,2020-03,8324.39,31224.0,ok
2020,15,Ori and the Will of the Wisps,1057090,2020-04,2108.31,7822.0,ok
2020,15,Ori and the Will of the Wisps,1057090,2020-05,1000.34,2050.0,ok
2020,15,Ori and the Will of the Wisps,1057090,2020-06,1321.49,3631.0,ok
2020,15,Ori and the Will of the Wisps,1057090,2020-07,1347.52,3244.0,ok
2020,15,Ori and the Will of the Wisps,1057090,2020-08,708.54,1488.0,ok
2020,15,Ori and the Will of the Wisps,1057090,2020-09,766.67,2600.0,ok
2020,15,Ori and the Will of the Wisps,1057090,2020-10,793.66,3209.0,ok
2020,15,Ori and the Will of the Wisps,1057090,2020-11,1140.74,6695.0,ok
2020,15,Ori and the Will of the Wisps,1057090,2020-12,2061.87,6252.0,ok
2020,16,Black Mesa,362890,2020-01,1002.03,2622.0,ok
2020,16,Black Mesa,362890,2020-02,637.13,1430.0,ok
2020,16,Black Mesa,362890,2020-03,2768.8,7116.0,ok
2020,16,Black Mesa,362890,2020-04,1786.03,3910.0,ok
2020,16,Black Mesa,362890,2020-05,863.05,1899.0,ok
2020,16,Black Mesa,362890,2020-06,612.49,1684.0,ok
2020,16,Black Mesa,362890,2020-07,838.37,1794.0,ok
2020,16,Black Mesa,362890,2020-08,561.63,994.0,ok
2020,16,Black Mesa,362890,2020-09,449.02,830.0,ok
2020,16,Black Mesa,362890,2020-10,453.12,1908.0,ok
2020,16,Black Mesa,362890,2020-11,908.42,2373.0,ok
2020,16,Black Mesa,362890,2020-12,1022.75,2423.0,ok
2020,17,Crusader Kings III,1158310,2020-09,48312.51,98474.0,ok
2020,17,Crusader Kings III,1158310,2020-10,20782.2,46009.0,ok
2020,17,Crusader Kings III,1158310,2020-11,13225.38,24860.0,ok
2020,17,Crusader Kings III,1158310,2020-12,12715.1,21394.0,ok
2020,18,Fallout 76,1151340,2020-04,15807.5,21931.0,ok
2020,18,Fallout 76,1151340,2020-05,14475.32,32858.0,ok
2020,18,Fallout 76,1151340,2020-06,7983.75,15386.0,ok
2020,18,Fallout 76,1151340,2020-07,9011.95,14188.0,ok
2020,18,Fallout 76,1151340,2020-08,7064.29,11667.0,ok
2020,18,Fallout 76,1151340,2020-09,5168.97,8788.0,ok
2020,18,Fallout 76,1151340,2020-10,6434.18,16993.0,ok
2020,18,Fallout 76,1151340,2020-11,6679.08,12735.0,ok
2020,18,Fallout 76,1151340,2020-12,7044.36,11484.0,ok
2020,19,Horizon Zero Dawn™ Complete Edition,1151640,2020-08,16042.04,49582.0,ok
2020,19,Horizon Zero Dawn™ Complete Edition,1151640,2020-09,5072.49,11854.0,ok
2020,19,Horizon Zero Dawn™ Complete Edition,1151640,2020-10,3106.35,6794.0,ok
2020,19,Horizon Zero Dawn™ Complete Edition,1151640,2020-11,2452.23,5415.0,ok
2020,19,Horizon Zero Dawn™ Complete Edition,1151640,2020-12,2576.49,7816.0,ok
2020,20,Helltaker,1289310,2020-05,1154.6,3239.0,ok
2020,20,Helltaker,1289310,2020-06,1757.75,2899.0,ok
2020,20,Helltaker,1289310,2020-07,1069.53,1998.0,ok
2020,20,Helltaker,1289310,2020-08,545.86,1092.0,ok
2020,20,Helltaker,1289310,2020-09,296.77,530.0,ok
2020,20,Helltaker,1289310,2020-10,236.23,374.0,ok
2020,20,Helltaker,1289310,2020-11,255.06,6093.0,ok
2020,20,Helltaker,1289310,2020-12,216.22,350.0,ok
2020,21,Mafia: Definitive Edition,1030840,2020-10,3239.81,13589.0,ok
2020,21,Mafia: Definitive Edition,1030840,2020-11,878.2,2588.0,ok
2020,21,Mafia: Definitive Edition,1030840,2020-12,836.71,2345.0,ok
2020,22,Half-Life: Alyx,546560,2020-03,7585.02,16459.0,ok
2020,22,Half-Life: Alyx,546560,2020-04,2171.26,6344.0,ok
2020,22,Half-Life: Alyx,546560,2020-05,1120.37,2325.0,ok
2020,22,Half-Life: Alyx,546560,2020-06,889.56,2026.0,ok
2020,22,Half-Life: Alyx,546560,2020-07,960.75,2016.0,ok
2020,22,Half-Life: Alyx,546560,2020-08,684.36,1356.0,ok
2020,22,Half-Life: Alyx,546560,2020-09,565.1,1119.0,ok
2020,22,Half-Life: Alyx,546560,2020-10,686.16,1563.0,ok
2020,22,Half-Life: Alyx,546560,2020-11,831.55,1632.0,ok
2020,22,Half-Life: Alyx,546560,2020-12,873.76,2375.0,ok
2020,23,Resident Evil 3,952060,2020-04,5771.4,32635.0,ok
2020,23,Resident Evil 3,952060,2020-05,1032.46,2431.0,ok
2020,23,Resident Evil 3,952060,2020-06,920.14,2181.0,ok
2020,23,Resident Evil 3,952060,2020-07,550.09,1177.0,ok
2020,23,Resident Evil 3,952060,2020-08,370.48,658.0,ok
2020,23,Resident Evil 3,952060,2020-09,626.19,2232.0,ok
2020,23,Resident Evil 3,952060,2020-10,457.8,1045.0,ok
2020,23,Resident Evil 3,952060,2020-11,583.93,2337.0,ok
2020,23,Resident Evil 3,952060,2020-12,918.93,1836.0,ok
2020,24,Outer Wilds,753640,2020-06,2288.56,4463.0,ok
2020,24,Outer Wilds,753640,2020-07,1009.17,2491.0,ok
2020,24,Outer Wilds,753640,2020-08,403.97,767.0,ok
2020,24,Outer Wilds,753640,2020-09,259.82,514.0,ok
2020,24,Outer Wilds,753640,2020-10,598.12,2442.0,ok
2020,24,Outer Wilds,753640,2020-11,387.56,1086.0,ok
2020,24,Outer Wilds,753640,2020-12,465.45,1241.0,ok
2020,25,OMORI,1150690,2020-12,1950.43,2915.0,ok
2020,26,Noita,881100,2020-01,1082.03,1662.0,ok
2020,26,Noita,881100,2020-02,1080.14,1926.0,ok
2020,26,Noita,881100,2020-03,971.53,1930.0,ok
2020,26,Noita,881100,2020-04,616.42,1024.0,ok
2020,26,Noita,881100,2020-05,724.26,1185.0,ok
2020,26,Noita,881100,2020-06,616.59,1223.0,ok
2020,26,Noita,881100,2020-07,832.64,1179.0,ok
2020,26,Noita,881100,2020-08,868.78,1755.0,ok
2020,26,Noita,881100,2020-09,656.12,1016.0,ok
2020,26,Noita,881100,2020-10,2043.64,5183.0,ok
2020,26,Noita,881100,2020-11,2405.41,3705.0,ok
2020,26,Noita,881100,2020-12,2002.32,3288.0,ok
2020,27,Persona 4 Golden,1113000,2020-06,19589.92,29984.0,ok
2020,27,Persona 4 Golden,1113000,2020-07,9336.06,16309.0,ok
2020,27,Persona 4 Golden,1113000,2020-08,4401.73,7193.0,ok
2020,27,Persona 4 Golden,1113000,2020-09,2795.5,4164.0,ok
2020,27,Persona 4 Golden,1113000,2020-10,2745.27,4777.0,ok
2020,27,Persona 4 Golden,1113000,2020-11,2322.45,3586.0,ok
2020,27,Persona 4 Golden,1113000,2020-12,2412.33,4029.0,ok
2020,28,Golf With Your Friends,431240,2020-01,603.93,1541.0,ok
2020,28,Golf With Your Friends,431240,2020-02,492.79,1365.0,ok
2020,28,Golf With Your Friends,431240,2020-03,810.13,3199.0,ok
2020,28,Golf With Your Friends,431240,2020-04,1544.81,4407.0,ok
2020,28,Golf With Your Friends,431240,2020-05,1368.57,4145.0,ok
2020,28,Golf With Your Friends,431240,2020-06,918.03,2433.0,ok
2020,28,Golf With Your Friends,431240,2020-07,875.16,2297.0,ok
2020,28,Golf With Your Friends,431240,2020-08,693.91,1775.0,ok
2020,28,Golf With Your Friends,431240,2020-09,684.34,1817.0,ok
2020,28,Golf With Your Friends,431240,2020-10,633.02,2108.0,ok
2020,28,Golf With Your Friends,431240,2020-11,859.04,2304.0,ok
2020,28,Golf With Your Friends,431240,2020-12,943.66,2838.0,ok
2020,29,Microsoft Flight Simulator (2020) 40th Anniversary Edition,1250410,2020-08,20805.57,61775.0,ok
2020,29,Microsoft Flight Simulator (2020) 40th Anniversary Edition,1250410,2020-09,8360.03,15051.0,ok
2020,29,Microsoft Flight Simulator (2020) 40th Anniversary Edition,1250410,2020-10,5623.02,10724.0,ok
2020,29,Microsoft Flight Simulator (2020) 40th Anniversary Edition,1250410,2020-11,4856.68,9323.0,ok
2020,29,Microsoft Flight Simulator (2020) 40th Anniversary Edition,1250410,2020-12,5346.04,12086.0,ok
2020,30,Red Dead Online,1404210,2020-12,11324.12,18417.0,ok
2020,31,Wolcen: Lords of Mayhem,424370,2020-01,715.69,1825.0,ok
2020,31,Wolcen: Lords of Mayhem,424370,2020-02,31746.48,127542.0,ok
2020,31,Wolcen: Lords of Mayhem,424370,2020-03,11559.97,49571.0,ok
2020,31,Wolcen: Lords of Mayhem,424370,2020-04,2266.21,5643.0,ok
2020,31,Wolcen: Lords of Mayhem,424370,2020-05,997.34,2289.0,ok
2020,31,Wolcen: Lords of Mayhem,424370,2020-06,567.34,1186.0,ok
2020,31,Wolcen: Lords of Mayhem,424370,2020-07,566.59,1208.0,ok
2020,31,Wolcen: Lords of Mayhem,424370,2020-08,596.96,1410.0,ok
2020,31,Wolcen: Lords of Mayhem,424370,2020-09,394.98,871.0,ok
2020,31,Wolcen: Lords of Mayhem,424370,2020-10,318.17,664.0,ok
2020,31,Wolcen: Lords of Mayhem,424370,2020-11,253.38,560.0,ok
2020,31,Wolcen: Lords of Mayhem,424370,2020-12,2199.41,8122.0,ok
2020,32,State of Decay 2: Juggernaut Edition,495420,2020-03,7998.47,15759.0,ok
2020,32,State of Decay 2: Juggernaut Edition,495420,2020-04,3505.22,9183.0,ok
2020,32,State of Decay 2: Juggernaut Edition,495420,2020-05,2845.55,5780.0,ok
2020,32,State of Decay 2: Juggernaut Edition,495420,2020-06,2007.22,4160.0,ok
2020,32,State of Decay 2: Juggernaut Edition,495420,2020-07,2414.95,4808.0,ok
2020,32,State of Decay 2: Juggernaut Edition,495420,2020-08,1976.52,5043.0,ok
2020,32,State of Decay 2: Juggernaut Edition,495420,2020-09,1296.59,2325.0,ok
2020,32,State of Decay 2: Juggernaut Edition,495420,2020-10,1393.05,2998.0,ok
2020,32,State of Decay 2: Juggernaut Edition,495420,2020-11,1562.97,3415.0,ok
2020,32,State of Decay 2: Juggernaut Edition,495420,2020-12,1931.88,3844.0,ok
2020,33,Ghostrunner,1139900,2020-11,1225.16,5033.0,ok
2020,33,Ghostrunner,1139900,2020-12,510.24,1051.0,ok
2020,34,Mafia III: Definitive Edition,360430,2020-01,621.0,1295.0,ok
2020,34,Mafia III: Definitive Edition,360430,2020-02,695.64,1520.0,ok
2020,34,Mafia III: Definitive Edition,360430,2020-03,806.54,1813.0,ok
2020,34,Mafia III: Definitive Edition,360430,2020-04,666.77,1308.0,ok
2020,34,Mafia III: Definitive Edition,360430,2020-05,1390.12,3897.0,ok
2020,34,Mafia III: Definitive Edition,360430,2020-06,926.23,2060.0,ok
2020,34,Mafia III: Definitive Edition,360430,2020-07,591.46,1175.0,ok
2020,34,Mafia III: Definitive Edition,360430,2020-08,537.48,1171.0,ok
2020,34,Mafia III: Definitive Edition,360430,2020-09,679.07,1687.0,ok
2020,34,Mafia III: Definitive Edition,360430,2020-10,1158.69,2423.0,ok
2020,34,Mafia III: Definitive Edition,360430,2020-11,713.94,1688.0,ok
2020,34,Mafia III: Definitive Edition,360430,2020-12,561.58,1091.0,ok
2020,35,Control Ultimate Edition,870780,2020-09,2647.62,7130.0,ok
2020,35,Control Ultimate Edition,870780,2020-10,742.15,1765.0,ok
2020,35,Control Ultimate Edition,870780,2020-11,1022.31,3358.0,ok
2020,35,Control Ultimate Edition,870780,2020-12,1545.2,2996.0,ok
2020,36,Stormworks: Build and Rescue,573090,2020-01,995.44,1941.0,ok
2020,36,Stormworks: Build and Rescue,573090,2020-02,1080.24,2164.0,ok
2020,36,Stormworks: Build and Rescue,573090,2020-03,1165.57,2182.0,ok
2020,36,Stormworks: Build and Rescue,573090,2020-04,1491.41,2586.0,ok
2020,36,Stormworks: Build and Rescue,573090,2020-05,1322.27,2211.0,ok
2020,36,Stormworks: Build and Rescue,573090,2020-06,1202.53,1969.0,ok
2020,36,Stormworks: Build and Rescue,573090,2020-07,1257.57,2061.0,ok
2020,36,Stormworks: Build and Rescue,573090,2020-08,1302.75,2114.0,ok
2020,36,Stormworks: Build and Rescue,573090,2020-09,1915.46,5705.0,ok
2020,36,Stormworks: Build and Rescue,573090,2020-10,1764.77,3270.0,ok
2020,36,Stormworks: Build and Rescue,573090,2020-11,1366.03,2555.0,ok
2020,36,Stormworks: Build and Rescue,573090,2020-12,1219.93,2193.0,ok
2020,37,DRAGON BALL Z: KAKAROT,851850,2020-01,11558.78,25715.0,ok
2020,37,DRAGON BALL Z: KAKAROT,851850,2020-02,2904.07,9344.0,ok
2020,37,DRAGON BALL Z: KAKAROT,851850,2020-03,1065.78,2207.0,ok
2020,37,DRAGON BALL Z: KAKAROT,851850,2020-04,1270.69,3266.0,ok
2020,37,DRAGON BALL Z: KAKAROT,851850,2020-05,1043.79,2485.0,ok
2020,37,DRAGON BALL Z: KAKAROT,851850,2020-06,866.57,2517.0,ok
2020,37,DRAGON BALL Z: KAKAROT,851850,2020-07,981.27,2127.0,ok
2020,37,DRAGON BALL Z: KAKAROT,851850,2020-08,576.13,1211.0,ok
2020,37,DRAGON BALL Z: KAKAROT,851850,2020-09,442.51,822.0,ok
2020,37,DRAGON BALL Z: KAKAROT,851850,2020-10,386.48,732.0,ok
2020,37,DRAGON BALL Z: KAKAROT,851850,2020-11,1061.68,3002.0,ok
2020,37,DRAGON BALL Z: KAKAROT,851850,2020-12,1255.94,2762.0,ok
2020,38,The Henry Stickmin Collection,1089980,2020-08,1488.91,2787.0,ok
2020,38,The Henry Stickmin Collection,1089980,2020-09,748.06,1505.0,ok
2020,38,The Henry Stickmin Collection,1089980,2020-10,567.72,1017.0,ok
2020,38,The Henry Stickmin Collection,1089980,2020-11,442.36,1022.0,ok
2020,38,The Henry Stickmin Collection,1089980,2020-12,480.2,1395.0,ok
2020,39,Age of Empires III: Definitive Edition,933110,2020-10,7506.72,18142.0,ok
2020,39,Age of Empires III: Definitive Edition,933110,2020-11,4289.54,9730.0,ok
2020,39,Age of Empires III: Definitive Edition,933110,2020-12,3476.67,6471.0,ok
2020,40,Besiege,346010,2020-01,388.69,648.0,ok
2020,40,Besiege,346010,2020-02,2184.89,11120.0,ok
2020,40,Besiege,346010,2020-03,1312.86,3324.0,ok
2020,40,Besiege,346010,2020-04,750.43,1671.0,ok
2020,40,Besiege,346010,2020-05,515.73,895.0,ok
2020,40,Besiege,346010,2020-06,525.03,965.0,ok
2020,40,Besiege,346010,2020-07,506.11,897.0,ok
2020,40,Besiege,346010,2020-08,542.91,1573.0,ok
2020,40,Besiege,346010,2020-09,393.36,715.0,ok
2020,40,Besiege,346010,2020-10,439.23,1093.0,ok
2020,40,Besiege,346010,2020-11,411.18,733.0,ok
2020,40,Besiege,346010,2020-12,406.82,770.0,ok
2020,41,Spiritfarer®: Farewell Edition,972660,2020-08,2465.13,4574.0,ok
2020,41,Spiritfarer®: Farewell Edition,972660,2020-09,748.01,1600.0,ok
2020,41,Spiritfarer®: Farewell Edition,972660,2020-10,369.31,704.0,ok
2020,41,Spiritfarer®: Farewell Edition,972660,2020-11,225.18,418.0,ok
2020,41,Spiritfarer®: Farewell Edition,972660,2020-12,481.92,1242.0,ok
2020,42,KARDS - The WW2 Card Game,544810,2020-01,236.44,368.0,ok
2020,42,KARDS - The WW2 Card Game,544810,2020-02,290.28,458.0,ok
2020,42,KARDS - The WW2 Card Game,544810,2020-03,335.11,521.0,ok
2020,42,KARDS - The WW2 Card Game,544810,2020-04,1135.71,2719.0,ok
2020,42,KARDS - The WW2 Card Game,544810,2020-05,1316.58,2018.0,ok
2020,42,KARDS - The WW2 Card Game,544810,2020-06,1138.4,2047.0,ok
2020,42,KARDS - The WW2 Card Game,544810,2020-07,890.04,1617.0,ok
2020,42,KARDS - The WW2 Card Game,544810,2020-08,710.85,1166.0,ok
2020,42,KARDS - The WW2 Card Game,544810,2020-09,667.74,1111.0,ok
2020,42,KARDS - The WW2 Card Game,544810,2020-10,710.34,1165.0,ok
2020,42,KARDS - The WW2 Card Game,544810,2020-11,747.96,1203.0,ok
2020,42,KARDS - The WW2 Card Game,544810,2020-12,985.42,2912.0,ok
2020,43,DDNet,412220,2020-08,745.62,1217.0,ok
2020,43,DDNet,412220,2020-09,525.11,920.0,ok
2020,43,DDNet,412220,2020-10,543.5,907.0,ok
2020,43,DDNet,412220,2020-11,522.33,825.0,ok
2020,43,DDNet,412220,2020-12,513.79,835.0,ok
2020,44,The Walking Dead: The Telltale Definitive Series,1449690,2020-11,149.07,390.0,ok
2020,44,The Walking Dead: The Telltale Definitive Series,1449690,2020-12,76.64,128.0,ok
2020,45,RISK: Global Domination,1128810,2020-02,931.0,2390.0,ok
2020,45,RISK: Global Domination,1128810,2020-03,2935.37,11604.0,ok
2020,45,RISK: Global Domination,1128810,2020-04,3342.43,8242.0,ok
2020,45,RISK: Global Domination,1128810,2020-05,2696.32,7786.0,ok
2020,45,RISK: Global Domination,1128810,2020-06,1818.51,3789.0,ok
2020,45,RISK: Global Domination,1128810,2020-07,1715.34,3032.0,ok
2020,45,RISK: Global Domination,1128810,2020-08,1317.25,2354.0,ok
2020,45,RISK: Global Domination,1128810,2020-09,1095.98,1913.0,ok
2020,45,RISK: Global Domination,1128810,2020-10,1168.62,2521.0,ok
2020,45,RISK: Global Domination,1128810,2020-11,1605.03,3455.0,ok
2020,45,RISK: Global Domination,1128810,2020-12,1703.16,3816.0,ok
2020,46,Beyond: Two Souls,960990,2020-06,670.99,1340.0,ok
2020,46,Beyond: Two Souls,960990,2020-07,290.68,813.0,ok
2020,46,Beyond: Two Souls,960990,2020-08,128.22,284.0,ok
2020,46,Beyond: Two Souls,960990,2020-09,132.11,368.0,ok
2020,46,Beyond: Two Souls,960990,2020-10,93.03,574.0,ok
2020,46,Beyond: Two Souls,960990,2020-11,218.72,752.0,ok
2020,46,Beyond: Two Souls,960990,2020-12,198.79,503.0,ok
2020,47,Conqueror's Blade,835570,2020-01,439.32,1626.0,ok
2020,47,Conqueror's Blade,835570,2020-02,384.38,1437.0,ok
2020,47,Conqueror's Blade,835570,2020-03,318.33,1120.0,ok
2020,47,Conqueror's Blade,835570,2020-04,3471.62,10247.0,ok
2020,47,Conqueror's Blade,835570,2020-05,4382.42,10778.0,ok
2020,47,Conqueror's Blade,835570,2020-06,3282.64,8704.0,ok
2020,47,Conqueror's Blade,835570,2020-07,3258.01,9234.0,ok
2020,47,Conqueror's Blade,835570,2020-08,3910.94,10336.0,ok
2020,47,Conqueror's Blade,835570,2020-09,3254.66,9606.0,ok
2020,47,Conqueror's Blade,835570,2020-10,3761.53,10364.0,ok
2020,47,Conqueror's Blade,835570,2020-11,3751.21,10341.0,ok
2020,47,Conqueror's Blade,835570,2020-12,3405.47,10365.0,ok
2020,48,Journey,638230,2020-06,329.88,588.0,ok
2020,48,Journey,638230,2020-07,170.36,426.0,ok
2020,48,Journey,638230,2020-08,72.37,165.0,ok
2020,48,Journey,638230,2020-09,50.99,99.0,ok
2020,48,Journey,638230,2020-10,43.35,170.0,ok
2020,48,Journey,638230,2020-11,134.42,747.0,ok
2020,48,Journey,638230,2020-12,104.91,262.0,ok
2020,49,POLYGON,1241100,2020-03,0.95,12.0,ok
2020,49,POLYGON,1241100,2020-04,230.89,435.0,ok
2020,49,POLYGON,1241100,2020-05,213.23,349.0,ok
2020,49,POLYGON,1241100,2020-06,89.77,203.0,ok
2020,49,POLYGON,1241100,2020-07,66.81,125.0,ok
2020,49,POLYGON,1241100,2020-08,75.69,138.0,ok
2020,49,POLYGON,1241100,2020-09,58.12,114.0,ok
2020,49,POLYGON,1241100,2020-10,54.69,127.0,ok
2020,49,POLYGON,1241100,2020-11,59.34,146.0,ok
2020,49,POLYGON,1241100,2020-12,66.36,137.0,ok
2020,50,Yakuza: Like a Dragon,1235140,2020-11,5031.06,9508.0,ok
2020,50,Yakuza: Like a Dragon,1235140,2020-12,2245.0,4740.0,ok
2020,51,Mafia II: Definitive Edition,1030830,2020-05,1989.6,3818.0,ok
2020,51,Mafia II: Definitive Edition,1030830,2020-06,781.61,2253.0,ok
2020,51,Mafia II: Definitive Edition,1030830,2020-07,393.54,768.0,ok
2020,51,Mafia II: Definitive Edition,1030830,2020-08,339.92,848.0,ok
2020,51,Mafia II: Definitive Edition,1030830,2020-09,521.63,2002.0,ok
2020,51,Mafia II: Definitive Edition,1030830,2020-10,902.05,2489.0,ok
2020,51,Mafia II: Definitive Edition,1030830,2020-11,413.33,1086.0,ok
2020,51,Mafia II: Definitive Edition,1030830,2020-12,345.48,705.0,ok
2020,52,ShellShock Live,326460,2020-01,700.77,1595.0,ok
2020,52,ShellShock Live,326460,2020-02,579.99,1246.0,ok
2020,52,ShellShock Live,326460,2020-03,696.66,1662.0,ok
2020,52,ShellShock Live,326460,2020-04,889.12,1742.0,ok
2020,52,ShellShock Live,326460,2020-05,1012.75,2773.0,ok
2020,52,ShellShock Live,326460,2020-06,960.93,1987.0,ok
2020,52,ShellShock Live,326460,2020-07,821.2,1530.0,ok
2020,52,ShellShock Live,326460,2020-08,654.92,1249.0,ok
2020,52,ShellShock Live,326460,2020-09,519.95,1007.0,ok
2020,52,ShellShock Live,326460,2020-10,481.38,1024.0,ok
2020,52,ShellShock Live,326460,2020-11,519.81,1104.0,ok
2020,52,ShellShock Live,326460,2020-12,554.12,1364.0,ok
2020,53,Senren＊Banka,1144400,2020-02,682.01,1429.0,ok
2020,53,Senren＊Banka,1144400,2020-03,228.64,629.0,ok
2020,53,Senren＊Banka,1144400,2020-04,156.59,417.0,ok
2020,53,Senren＊Banka,1144400,2020-05,117.88,243.0,ok
2020,53,Senren＊Banka,1144400,2020-06,91.31,252.0,ok
2020,53,Senren＊Banka,1144400,2020-07,131.78,268.0,ok
2020,53,Senren＊Banka,1144400,2020-08,124.82,255.0,ok
2020,53,Senren＊Banka,1144400,2020-09,67.52,161.0,ok
2020,53,Senren＊Banka,1144400,2020-10,82.53,251.0,ok
2020,53,Senren＊Banka,1144400,2020-11,68.42,200.0,ok
2020,53,Senren＊Banka,1144400,2020-12,90.81,224.0,ok
2020,54,Command & Conquer™ Remastered Collection,1213210,2020-06,7597.04,29136.0,ok
2020,54,Command & Conquer™ Remastered Collection,1213210,2020-07,2734.5,6430.0,ok
2020,54,Command & Conquer™ Remastered Collection,1213210,2020-08,1562.54,3069.0,ok
2020,54,Command & Conquer™ Remastered Collection,1213210,2020-09,1300.64,3065.0,ok
2020,54,Command & Conquer™ Remastered Collection,1213210,2020-10,1281.72,2852.0,ok
2020,54,Command & Conquer™ Remastered Collection,1213210,2020-11,1239.36,2764.0,ok
2020,54,Command & Conquer™ Remastered Collection,1213210,2020-12,1372.44,3294.0,ok
2020,55,Empyrion - Galactic Survival,383120,2020-01,1583.75,2820.0,ok
2020,55,Empyrion - Galactic Survival,383120,2020-02,1328.52,2383.0,ok
2020,55,Empyrion - Galactic Survival,383120,2020-03,1461.1,2609.0,ok
2020,55,Empyrion - Galactic Survival,383120,2020-04,1672.96,3319.0,ok
2020,55,Empyrion - Galactic Survival,383120,2020-05,2104.6,3403.0,ok
2020,55,Empyrion - Galactic Survival,383120,2020-06,3475.57,8778.0,ok
2020,55,Empyrion - Galactic Survival,383120,2020-07,3551.67,6870.0,ok
2020,55,Empyrion - Galactic Survival,383120,2020-08,3432.29,6672.0,ok
2020,55,Empyrion - Galactic Survival,383120,2020-09,2395.05,4282.0,ok
2020,55,Empyrion - Galactic Survival,383120,2020-10,2115.9,3673.0,ok
2020,55,Empyrion - Galactic Survival,383120,2020-11,2022.37,3417.0,ok
2020,55,Empyrion - Galactic Survival,383120,2020-12,2196.73,4500.0,ok
2020,56,DJMAX RESPECT V,960170,2020-01,653.48,1762.0,ok
2020,56,DJMAX RESPECT V,960170,2020-02,350.32,1095.0,ok
2020,56,DJMAX RESPECT V,960170,2020-03,626.36,2777.0,ok
2020,56,DJMAX RESPECT V,960170,2020-04,509.69,1736.0,ok
2020,56,DJMAX RESPECT V,960170,2020-05,602.88,2496.0,ok
2020,56,DJMAX RESPECT V,960170,2020-06,502.94,1469.0,ok
2020,56,DJMAX RESPECT V,960170,2020-07,623.39,2129.0,ok
2020,56,DJMAX RESPECT V,960170,2020-08,476.67,1317.0,ok
2020,56,DJMAX RESPECT V,960170,2020-09,758.89,2571.0,ok
2020,56,DJMAX RESPECT V,960170,2020-10,484.71,1395.0,ok
2020,56,DJMAX RESPECT V,960170,2020-11,501.33,1837.0,ok
2020,56,DJMAX RESPECT V,960170,2020-12,664.14,2098.0,ok
2020,57,Stoneshard,625960,2020-02,3280.91,10706.0,ok
2020,57,Stoneshard,625960,2020-03,677.28,1992.0,ok
2020,57,Stoneshard,625960,2020-04,1087.45,4339.0,ok
2020,57,Stoneshard,625960,2020-05,482.4,1400.0,ok
2020,57,Stoneshard,625960,2020-06,444.6,1019.0,ok
2020,57,Stoneshard,625960,2020-07,311.6,780.0,ok
2020,57,Stoneshard,625960,2020-08,224.44,430.0,ok
2020,57,Stoneshard,625960,2020-09,433.26,2577.0,ok
2020,57,Stoneshard,625960,2020-10,513.89,1360.0,ok
2020,57,Stoneshard,625960,2020-11,385.78,1112.0,ok
2020,57,Stoneshard,625960,2020-12,361.07,1267.0,ok
2020,58,Bright Memory,955050,2020-01,31.4,97.0,ok
2020,58,Bright Memory,955050,2020-02,28.22,61.0,ok
2020,58,Bright Memory,955050,2020-03,211.83,1867.0,ok
2020,58,Bright Memory,955050,2020-04,148.62,1024.0,ok
2020,58,Bright Memory,955050,2020-05,123.8,377.0,ok
2020,58,Bright Memory,955050,2020-06,63.12,197.0,ok
2020,58,Bright Memory,955050,2020-07,59.94,258.0,ok
2020,58,Bright Memory,955050,2020-08,50.77,212.0,ok
2020,58,Bright Memory,955050,2020-09,46.93,136.0,ok
2020,58,Bright Memory,955050,2020-10,31.91,91.0,ok
2020,58,Bright Memory,955050,2020-11,36.76,135.0,ok
2020,58,Bright Memory,955050,2020-12,32.17,96.0,ok
2020,59,Milk inside a bag of milk inside a bag of milk,1392820,2020-09,1.82,8.0,ok
2020,59,Milk inside a bag of milk inside a bag of milk,1392820,2020-10,1.39,5.0,ok
2020,59,Milk inside a bag of milk inside a bag of milk,1392820,2020-11,1.81,7.0,ok
2020,59,Milk inside a bag of milk inside a bag of milk,1392820,2020-12,2.26,10.0,ok
2020,60,Superliminal,1049410,2020-11,335.82,1255.0,ok
2020,60,Superliminal,1049410,2020-12,235.23,847.0,ok
2020,61,CARRION,953490,2020-07,1709.55,3730.0,ok
2020,61,CARRION,953490,2020-08,378.87,1099.0,ok
2020,61,CARRION,953490,2020-09,107.87,239.0,ok
2020,61,CARRION,953490,2020-10,215.56,1014.0,ok
2020,61,CARRION,953490,2020-11,114.08,439.0,ok
2020,61,CARRION,953490,2020-12,122.01,393.0,ok
2020,62,GWENT: The Witcher Card Game,1284410,2020-05,3243.38,4862.0,ok
2020,62,GWENT: The Witcher Card Game,1284410,2020-06,2394.64,4474.0,ok
2020,62,GWENT: The Witcher Card Game,1284410,2020-07,1978.79,3743.0,ok
2020,62,GWENT: The Witcher Card Game,1284410,2020-08,1789.08,3755.0,ok
2020,62,GWENT: The Witcher Card Game,1284410,2020-09,1517.26,3109.0,ok
2020,62,GWENT: The Witcher Card Game,1284410,2020-10,1395.83,2426.0,ok
2020,62,GWENT: The Witcher Card Game,1284410,2020-11,1362.8,2685.0,ok
2020,62,GWENT: The Witcher Card Game,1284410,2020-12,1605.57,4322.0,ok
2020,63,The Outer Worlds,578650,2020-10,9502.71,16900.0,ok
2020,63,The Outer Worlds,578650,2020-11,3344.95,12938.0,ok
2020,63,The Outer Worlds,578650,2020-12,1427.17,3273.0,ok
2020,64,STAR WARS™: Squadrons,1222730,2020-10,5385.97,35721.0,ok
2020,64,STAR WARS™: Squadrons,1222730,2020-11,1367.39,4219.0,ok
2020,64,STAR WARS™: Squadrons,1222730,2020-12,1579.58,3926.0,ok
2020,65,Holdfast: Nations At War,589290,2020-01,258.34,945.0,ok
2020,65,Holdfast: Nations At War,589290,2020-02,250.77,1019.0,ok
2020,65,Holdfast: Nations At War,589290,2020-03,587.11,2133.0,ok
2020,65,Holdfast: Nations At War,589290,2020-04,394.38,1114.0,ok
2020,65,Holdfast: Nations At War,589290,2020-05,325.15,1039.0,ok
2020,65,Holdfast: Nations At War,589290,2020-06,292.03,1133.0,ok
2020,65,Holdfast: Nations At War,589290,2020-07,390.15,1177.0,ok
2020,65,Holdfast: Nations At War,589290,2020-08,411.5,1284.0,ok
2020,65,Holdfast: Nations At War,589290,2020-09,916.06,2751.0,ok
2020,65,Holdfast: Nations At War,589290,2020-10,505.07,1609.0,ok
2020,65,Holdfast: Nations At War,589290,2020-11,464.6,1720.0,ok
2020,65,Holdfast: Nations At War,589290,2020-12,498.0,1579.0,ok
2020,66,Hydroneer,1106840,2020-05,943.56,2710.0,ok
2020,66,Hydroneer,1106840,2020-06,298.17,582.0,ok
2020,66,Hydroneer,1106840,2020-07,354.66,966.0,ok
2020,66,Hydroneer,1106840,2020-08,232.3,454.0,ok
2020,66,Hydroneer,1106840,2020-09,325.29,772.0,ok
2020,66,Hydroneer,1106840,2020-10,325.99,901.0,ok
2020,66,Hydroneer,1106840,2020-11,207.64,501.0,ok
2020,66,Hydroneer,1106840,2020-12,180.59,468.0,ok
2020,67,RuneScape ®,1343400,2020-10,8583.03,12508.0,ok
2020,67,RuneScape ®,1343400,2020-11,7133.66,12340.0,ok
2020,67,RuneScape ®,1343400,2020-12,5611.48,8161.0,ok
2020,68,Leaf Blower Revolution - Idle Game,1468260,2020-12,4544.35,8115.0,ok
2020,69,Blackwake,420290,2020-01,101.94,439.0,ok
2020,69,Blackwake,420290,2020-02,609.22,3293.0,ok
2020,69,Blackwake,420290,2020-03,135.29,308.0,ok
2020,69,Blackwake,420290,2020-04,499.95,2635.0,ok
2020,69,Blackwake,420290,2020-05,113.89,292.0,ok
2020,69,Blackwake,420290,2020-06,171.01,640.0,ok
2020,69,Blackwake,420290,2020-07,106.91,366.0,ok
2020,69,Blackwake,420290,2020-08,172.33,806.0,ok
2020,69,Blackwake,420290,2020-09,194.38,1229.0,ok
2020,69,Blackwake,420290,2020-10,102.78,476.0,ok
2020,69,Blackwake,420290,2020-11,91.78,438.0,ok
2020,69,Blackwake,420290,2020-12,122.47,515.0,ok
2020,70,Heavy Rain,960910,2020-06,374.97,720.0,ok
2020,70,Heavy Rain,960910,2020-07,137.35,418.0,ok
2020,70,Heavy Rain,960910,2020-08,58.13,143.0,ok
2020,70,Heavy Rain,960910,2020-09,63.28,181.0,ok
2020,70,Heavy Rain,960910,2020-10,44.97,257.0,ok
2020,70,Heavy Rain,960910,2020-11,101.46,351.0,ok
2020,70,Heavy Rain,960910,2020-12,96.54,258.0,ok
2020,71,There Is No Game: Wrong Dimension,1240210,2020-08,406.33,930.0,ok
2020,71,There Is No Game: Wrong Dimension,1240210,2020-09,132.01,328.0,ok
2020,71,There Is No Game: Wrong Dimension,1240210,2020-10,227.51,428.0,ok
2020,71,There Is No Game: Wrong Dimension,1240210,2020-11,152.68,317.0,ok
2020,71,There Is No Game: Wrong Dimension,1240210,2020-12,200.15,663.0,ok
2020,72,Drug Dealer Simulator,682990,2020-04,3734.14,7520.0,ok
2020,72,Drug Dealer Simulator,682990,2020-05,945.42,2705.0,ok
2020,72,Drug Dealer Simulator,682990,2020-06,542.62,1399.0,ok
2020,72,Drug Dealer Simulator,682990,2020-07,324.1,610.0,ok
2020,72,Drug Dealer Simulator,682990,2020-08,219.08,413.0,ok
2020,72,Drug Dealer Simulator,682990,2020-09,229.12,489.0,ok
2020,72,Drug Dealer Simulator,682990,2020-10,225.62,512.0,ok
2020,72,Drug Dealer Simulator,682990,2020-11,202.32,384.0,ok
2020,72,Drug Dealer Simulator,682990,2020-12,151.97,302.0,ok
2020,73,Phantasy Star Online 2 New Genesis,1056640,2020-08,11257.63,19684.0,ok
2020,73,Phantasy Star Online 2 New Genesis,1056640,2020-09,7636.09,13452.0,ok
2020,73,Phantasy Star Online 2 New Genesis,1056640,2020-10,6356.93,11262.0,ok
2020,73,Phantasy Star Online 2 New Genesis,1056640,2020-11,5062.83,9053.0,ok
2020,73,Phantasy Star Online 2 New Genesis,1056640,2020-12,5706.44,12351.0,ok
2020,74,Last Oasis,903950,2020-04,14852.31,33104.0,ok
2020,74,Last Oasis,903950,2020-05,8399.85,16564.0,ok
2020,74,Last Oasis,903950,2020-06,3523.76,7361.0,ok
2020,74,Last Oasis,903950,2020-07,1466.49,2718.0,ok
2020,74,Last Oasis,903950,2020-08,838.12,1333.0,ok
2020,74,Last Oasis,903950,2020-09,366.33,700.0,ok
2020,74,Last Oasis,903950,2020-10,462.53,1308.0,ok
2020,74,Last Oasis,903950,2020-11,1318.47,5886.0,ok
2020,74,Last Oasis,903950,2020-12,2389.99,4383.0,ok
2020,75,Summer Memories,1227890,2020-06,131.83,345.0,ok
2020,75,Summer Memories,1227890,2020-07,75.46,172.0,ok
2020,75,Summer Memories,1227890,2020-08,50.91,124.0,ok
2020,75,Summer Memories,1227890,2020-09,30.91,76.0,ok
2020,75,Summer Memories,1227890,2020-10,30.44,85.0,ok
2020,75,Summer Memories,1227890,2020-11,32.84,105.0,ok
2020,75,Summer Memories,1227890,2020-12,35.85,103.0,ok
2020,76,Untitled Goose Game,837470,2020-09,969.88,1669.0,ok
2020,76,Untitled Goose Game,837470,2020-10,318.02,1033.0,ok
2020,76,Untitled Goose Game,837470,2020-11,210.31,622.0,ok
2020,76,Untitled Goose Game,837470,2020-12,257.09,708.0,ok
2020,77,Neon Abyss,788100,2020-07,2897.38,5111.0,ok
2020,77,Neon Abyss,788100,2020-08,2211.51,4856.0,ok
2020,77,Neon Abyss,788100,2020-09,1089.64,2539.0,ok
2020,77,Neon Abyss,788100,2020-10,928.73,2797.0,ok
2020,77,Neon Abyss,788100,2020-11,747.54,1839.0,ok
2020,77,Neon Abyss,788100,2020-12,651.0,1441.0,ok
2020,78,Amazing Cultivation Simulator,955900,2020-01,2434.61,5440.0,ok
2020,78,Amazing Cultivation Simulator,955900,2020-02,2503.94,4821.0,ok
2020,78,Amazing Cultivation Simulator,955900,2020-03,1601.06,3749.0,ok
2020,78,Amazing Cultivation Simulator,955900,2020-04,1001.36,3183.0,ok
2020,78,Amazing Cultivation Simulator,955900,2020-05,1138.83,8347.0,ok
2020,78,Amazing Cultivation Simulator,955900,2020-06,3199.9,8246.0,ok
2020,78,Amazing Cultivation Simulator,955900,2020-07,1657.73,3619.0,ok
2020,78,Amazing Cultivation Simulator,955900,2020-08,1241.77,2570.0,ok
2020,78,Amazing Cultivation Simulator,955900,2020-09,931.97,1911.0,ok
2020,78,Amazing Cultivation Simulator,955900,2020-10,950.85,1922.0,ok
2020,78,Amazing Cultivation Simulator,955900,2020-11,1746.26,8225.0,ok
2020,78,Amazing Cultivation Simulator,955900,2020-12,3226.66,8010.0,ok
2020,79,XCOM®: Chimera Squad,882100,2020-05,3635.98,15611.0,ok
2020,79,XCOM®: Chimera Squad,882100,2020-06,676.64,1472.0,ok
2020,79,XCOM®: Chimera Squad,882100,2020-07,435.49,945.0,ok
2020,79,XCOM®: Chimera Squad,882100,2020-08,293.78,566.0,ok
2020,79,XCOM®: Chimera Squad,882100,2020-09,245.04,520.0,ok
2020,79,XCOM®: Chimera Squad,882100,2020-10,243.54,502.0,ok
2020,79,XCOM®: Chimera Squad,882100,2020-11,221.85,494.0,ok
2020,79,XCOM®: Chimera Squad,882100,2020-12,274.19,522.0,ok
2020,80,Monster Train,1102190,2020-05,10398.29,14037.0,ok
2020,80,Monster Train,1102190,2020-06,5736.48,11569.0,ok
2020,80,Monster Train,1102190,2020-07,2966.36,4641.0,ok
2020,80,Monster Train,1102190,2020-08,1752.12,3202.0,ok
2020,80,Monster Train,1102190,2020-09,2313.74,5379.0,ok
2020,80,Monster Train,1102190,2020-10,1247.9,2317.0,ok
2020,80,Monster Train,1102190,2020-11,1050.74,1949.0,ok
2020,80,Monster Train,1102190,2020-12,1034.96,1673.0,ok
2020,81,ATRI -My Dear Moments-,1230140,2020-07,115.42,354.0,ok
2020,81,ATRI -My Dear Moments-,1230140,2020-08,63.55,152.0,ok
2020,81,ATRI -My Dear Moments-,1230140,2020-09,47.11,212.0,ok
2020,81,ATRI -My Dear Moments-,1230140,2020-10,25.56,74.0,ok
2020,81,ATRI -My Dear Moments-,1230140,2020-11,26.58,78.0,ok
2020,81,ATRI -My Dear Moments-,1230140,2020-12,24.76,69.0,ok
2020,82,Wasteland 3,719040,2020-09,5860.91,16839.0,ok
2020,82,Wasteland 3,719040,2020-10,1556.33,3778.0,ok
2020,82,Wasteland 3,719040,2020-11,1007.76,2492.0,ok
2020,82,Wasteland 3,719040,2020-12,1134.55,2647.0,ok
2020,83,Spelunky 2,418530,2020-10,2919.73,6937.0,ok
2020,83,Spelunky 2,418530,2020-11,1625.54,2817.0,ok
2020,83,Spelunky 2,418530,2020-12,1610.01,3303.0,ok
2020,84,Project Wingman,895870,2020-12,706.15,2089.0,ok
2020,85,Craftopia,1307550,2020-09,7872.57,26449.0,ok
2020,85,Craftopia,1307550,2020-10,1089.96,3533.0,ok
2020,85,Craftopia,1307550,2020-11,765.75,2553.0,ok
2020,85,Craftopia,1307550,2020-12,761.11,2020.0,ok
2020,86,The Test,1241510,2020-03,2.29,14.0,ok
2020,86,The Test,1241510,2020-04,1.81,8.0,ok
2020,86,The Test,1241510,2020-05,1.0,4.0,ok
2020,86,The Test,1241510,2020-06,0.73,5.0,ok
2020,86,The Test,1241510,2020-07,1.06,6.0,ok
2020,86,The Test,1241510,2020-08,0.62,3.0,ok
2020,86,The Test,1241510,2020-09,1.1,7.0,ok
2020,86,The Test,1241510,2020-10,0.56,4.0,ok
2020,86,The Test,1241510,2020-12,0.33,3.0,ok
2020,87,港詭實錄ParanormalHK,1178490,2020-01,213.62,769.0,ok
2020,87,港詭實錄ParanormalHK,1178490,2020-02,141.62,431.0,ok
2020,87,港詭實錄ParanormalHK,1178490,2020-03,83.97,234.0,ok
2020,87,港詭實錄ParanormalHK,1178490,2020-04,64.42,368.0,ok
2020,87,港詭實錄ParanormalHK,1178490,2020-05,241.34,1186.0,ok
2020,87,港詭實錄ParanormalHK,1178490,2020-06,161.02,536.0,ok
2020,87,港詭實錄ParanormalHK,1178490,2020-07,126.32,387.0,ok
2020,87,港詭實錄ParanormalHK,1178490,2020-08,89.97,293.0,ok
2020,87,港詭實錄ParanormalHK,1178490,2020-09,131.19,575.0,ok
2020,87,港詭實錄ParanormalHK,1178490,2020-10,90.13,388.0,ok
2020,87,港詭實錄ParanormalHK,1178490,2020-11,96.44,476.0,ok
2020,87,港詭實錄ParanormalHK,1178490,2020-12,92.15,377.0,ok
2020,88,Witch It,559650,2020-01,204.13,839.0,ok
2020,88,Witch It,559650,2020-02,246.18,1137.0,ok
2020,88,Witch It,559650,2020-03,243.76,836.0,ok
2020,88,Witch It,559650,2020-04,315.11,1507.0,ok
2020,88,Witch It,559650,2020-05,195.22,739.0,ok
2020,88,Witch It,559650,2020-06,168.52,934.0,ok
2020,88,Witch It,559650,2020-07,235.35,925.0,ok
2020,88,Witch It,559650,2020-08,129.07,415.0,ok
2020,88,Witch It,559650,2020-09,123.53,444.0,ok
2020,88,Witch It,559650,2020-10,144.78,599.0,ok
2020,88,Witch It,559650,2020-11,139.77,452.0,ok
2020,88,Witch It,559650,2020-12,149.53,579.0,ok
2020,89,Skater XL - The Ultimate Skateboarding Game,962730,2020-01,109.97,182.0,ok
2020,89,Skater XL - The Ultimate Skateboarding Game,962730,2020-02,216.57,568.0,ok
2020,89,Skater XL - The Ultimate Skateboarding Game,962730,2020-03,247.93,494.0,ok
2020,89,Skater XL - The Ultimate Skateboarding Game,962730,2020-04,372.33,621.0,ok
2020,89,Skater XL - The Ultimate Skateboarding Game,962730,2020-05,557.49,1096.0,ok
2020,89,Skater XL - The Ultimate Skateboarding Game,962730,2020-06,615.75,946.0,ok
2020,89,Skater XL - The Ultimate Skateboarding Game,962730,2020-07,949.64,5597.0,ok
2020,89,Skater XL - The Ultimate Skateboarding Game,962730,2020-08,1353.06,2874.0,ok
2020,89,Skater XL - The Ultimate Skateboarding Game,962730,2020-09,854.77,1450.0,ok
2020,89,Skater XL - The Ultimate Skateboarding Game,962730,2020-10,732.6,1202.0,ok
2020,89,Skater XL - The Ultimate Skateboarding Game,962730,2020-11,714.32,1136.0,ok
2020,89,Skater XL - The Ultimate Skateboarding Game,962730,2020-12,719.69,1496.0,ok
2020,90,Unrailed!,1016920,2020-01,323.19,968.0,ok
2020,90,Unrailed!,1016920,2020-02,321.47,1017.0,ok
2020,90,Unrailed!,1016920,2020-03,235.49,886.0,ok
2020,90,Unrailed!,1016920,2020-04,290.19,843.0,ok
2020,90,Unrailed!,1016920,2020-05,249.01,1349.0,ok
2020,90,Unrailed!,1016920,2020-06,284.32,932.0,ok
2020,90,Unrailed!,1016920,2020-07,211.92,745.0,ok
2020,90,Unrailed!,1016920,2020-08,222.32,626.0,ok
2020,90,Unrailed!,1016920,2020-09,199.38,760.0,ok
2020,90,Unrailed!,1016920,2020-10,177.58,550.0,ok
2020,90,Unrailed!,1016920,2020-11,193.59,477.0,ok
2020,90,Unrailed!,1016920,2020-12,188.36,550.0,ok
2020,91,Action Taimanin,1335200,2020-10,834.75,1670.0,ok
2020,91,Action Taimanin,1335200,2020-11,854.19,1544.0,ok
2020,91,Action Taimanin,1335200,2020-12,751.24,1606.0,ok
2020,92,Streets of Rage 4,985890,2020-05,1341.0,6042.0,ok
2020,92,Streets of Rage 4,985890,2020-06,384.98,753.0,ok
2020,92,Streets of Rage 4,985890,2020-07,285.24,626.0,ok
2020,92,Streets of Rage 4,985890,2020-08,198.45,386.0,ok
2020,92,Streets of Rage 4,985890,2020-09,209.14,516.0,ok
2020,92,Streets of Rage 4,985890,2020-10,161.82,310.0,ok
2020,92,Streets of Rage 4,985890,2020-11,181.2,504.0,ok
2020,92,Streets of Rage 4,985890,2020-12,156.49,341.0,ok
2020,93,Darwin Project,544920,2020-01,807.16,2370.0,ok
2020,93,Darwin Project,544920,2020-02,571.28,1520.0,ok
2020,93,Darwin Project,544920,2020-03,346.84,762.0,ok
2020,93,Darwin Project,544920,2020-04,301.26,726.0,ok
2020,93,Darwin Project,544920,2020-05,142.11,334.0,ok
2020,93,Darwin Project,544920,2020-06,84.54,223.0,ok
2020,93,Darwin Project,544920,2020-07,79.21,180.0,ok
2020,93,Darwin Project,544920,2020-08,79.3,166.0,ok
2020,93,Darwin Project,544920,2020-09,53.24,146.0,ok
2020,93,Darwin Project,544920,2020-10,43.03,110.0,ok
2020,93,Darwin Project,544920,2020-11,52.47,136.0,ok
2020,93,Darwin Project,544920,2020-12,54.28,158.0,ok
2020,94,She Will Punish Them,1213740,2020-05,34.35,205.0,ok
2020,94,She Will Punish Them,1213740,2020-06,21.58,85.0,ok
2020,94,She Will Punish Them,1213740,2020-07,15.77,51.0,ok
2020,94,She Will Punish Them,1213740,2020-08,10.86,48.0,ok
2020,94,She Will Punish Them,1213740,2020-09,6.72,21.0,ok
2020,94,She Will Punish Them,1213740,2020-10,5.72,24.0,ok
2020,94,She Will Punish Them,1213740,2020-11,10.29,39.0,ok
2020,94,She Will Punish Them,1213740,2020-12,22.72,219.0,ok
2020,95,Mr.Mine,1397920,2020-10,3314.58,5093.0,ok
2020,95,Mr.Mine,1397920,2020-11,2499.07,3649.0,ok
2020,95,Mr.Mine,1397920,2020-12,2122.35,3024.0,ok
2020,96,Shop Titans,1258080,2020-05,4754.14,7038.0,ok
2020,96,Shop Titans,1258080,2020-06,5287.99,7981.0,ok
2020,96,Shop Titans,1258080,2020-07,5308.62,7647.0,ok
2020,96,Shop Titans,1258080,2020-08,5041.04,7452.0,ok
2020,96,Shop Titans,1258080,2020-09,4908.21,7154.0,ok
2020,96,Shop Titans,1258080,2020-10,4862.6,6850.0,ok
2020,96,Shop Titans,1258080,2020-11,4902.1,7106.0,ok
2020,96,Shop Titans,1258080,2020-12,4473.41,6257.0,ok
2020,97,SpongeBob SquarePants: Battle for Bikini Bottom - Rehydrated,969990,2020-06,2649.3,5058.0,ok
2020,97,SpongeBob SquarePants: Battle for Bikini Bottom - Rehydrated,969990,2020-07,538.93,2009.0,ok
2020,97,SpongeBob SquarePants: Battle for Bikini Bottom - Rehydrated,969990,2020-08,152.59,336.0,ok
2020,97,SpongeBob SquarePants: Battle for Bikini Bottom - Rehydrated,969990,2020-09,113.92,293.0,ok
2020,97,SpongeBob SquarePants: Battle for Bikini Bottom - Rehydrated,969990,2020-10,71.47,134.0,ok
2020,97,SpongeBob SquarePants: Battle for Bikini Bottom - Rehydrated,969990,2020-11,83.06,255.0,ok
2020,97,SpongeBob SquarePants: Battle for Bikini Bottom - Rehydrated,969990,2020-12,159.1,363.0,ok
2020,98,Serious Sam 4,257420,2020-09,2963.15,6485.0,ok
2020,98,Serious Sam 4,257420,2020-10,743.38,2617.0,ok
2020,98,Serious Sam 4,257420,2020-11,288.09,853.0,ok
2020,98,Serious Sam 4,257420,2020-12,237.05,601.0,ok
2020,99,Quaver,980610,2020-07,251.94,522.0,ok
2020,99,Quaver,980610,2020-08,154.55,228.0,ok
2020,99,Quaver,980610,2020-09,125.76,208.0,ok
2020,99,Quaver,980610,2020-10,104.58,179.0,ok
2020,99,Quaver,980610,2020-11,95.24,152.0,ok
2020,99,Quaver,980610,2020-12,94.1,135.0,ok
2020,100,Travellers Rest,1139980,2020-08,114.57,501.0,ok
2020,100,Travellers Rest,1139980,2020-09,86.4,676.0,ok
2020,100,Travellers Rest,1139980,2020-10,41.68,103.0,ok
2020,100,Travellers Rest,1139980,2020-11,32.65,94.0,ok
2020,100,Travellers Rest,1139980,2020-12,24.57,60.0,ok
2020,101,Desperados III,610370,2020-06,2701.73,5997.0,ok
2020,101,Desperados III,610370,2020-07,971.23,2690.0,ok
2020,101,Desperados III,610370,2020-08,441.31,1107.0,ok
2020,101,Desperados III,610370,2020-09,490.82,1573.0,ok
2020,101,Desperados III,610370,2020-10,395.83,888.0,ok
2020,101,Desperados III,610370,2020-11,634.82,1933.0,ok
2020,101,Desperados III,610370,2020-12,551.14,1350.0,ok
2020,102,Iron Harvest,826630,2020-09,1563.88,5402.0,ok
2020,102,Iron Harvest,826630,2020-10,619.27,2378.0,ok
2020,102,Iron Harvest,826630,2020-11,274.58,769.0,ok
2020,102,Iron Harvest,826630,2020-12,317.33,926.0,ok
2020,103,ROMANCE OF THE THREE KINGDOMS XIV,872410,2020-01,7642.29,16482.0,ok
2020,103,ROMANCE OF THE THREE KINGDOMS XIV,872410,2020-02,6304.09,14269.0,ok
2020,103,ROMANCE OF THE THREE KINGDOMS XIV,872410,2020-03,3946.0,9516.0,ok
2020,103,ROMANCE OF THE THREE KINGDOMS XIV,872410,2020-04,2652.22,8227.0,ok
2020,103,ROMANCE OF THE THREE KINGDOMS XIV,872410,2020-05,2214.07,4636.0,ok
2020,103,ROMANCE OF THE THREE KINGDOMS XIV,872410,2020-06,1870.81,4011.0,ok
2020,103,ROMANCE OF THE THREE KINGDOMS XIV,872410,2020-07,1760.18,3673.0,ok
2020,103,ROMANCE OF THE THREE KINGDOMS XIV,872410,2020-08,1859.2,3643.0,ok
2020,103,ROMANCE OF THE THREE KINGDOMS XIV,872410,2020-09,1548.41,3385.0,ok
2020,103,ROMANCE OF THE THREE KINGDOMS XIV,872410,2020-10,1470.22,3038.0,ok
2020,103,ROMANCE OF THE THREE KINGDOMS XIV,872410,2020-11,1383.49,3011.0,ok
2020,103,ROMANCE OF THE THREE KINGDOMS XIV,872410,2020-12,2348.86,5835.0,ok
2020,104,Florence,1102130,2020-02,18.63,77.0,ok
2020,104,Florence,1102130,2020-03,6.09,22.0,ok
2020,104,Florence,1102130,2020-04,7.3,46.0,ok
2020,104,Florence,1102130,2020-05,3.81,15.0,ok
2020,104,Florence,1102130,2020-06,12.7,136.0,ok
2020,104,Florence,1102130,2020-07,7.53,25.0,ok
2020,104,Florence,1102130,2020-08,3.07,12.0,ok
2020,104,Florence,1102130,2020-09,3.09,13.0,ok
2020,104,Florence,1102130,2020-10,3.18,18.0,ok
2020,104,Florence,1102130,2020-11,5.29,23.0,ok
2020,104,Florence,1102130,2020-12,8.94,31.0,ok
2020,105,Tell Me Why,1180660,2020-09,212.44,1311.0,ok
2020,105,Tell Me Why,1180660,2020-10,53.58,150.0,ok
2020,105,Tell Me Why,1180660,2020-11,41.66,139.0,ok
2020,105,Tell Me Why,1180660,2020-12,77.5,287.0,ok
2020,106,shapez,1318690,2020-06,585.46,1104.0,ok
2020,106,shapez,1318690,2020-07,594.12,1041.0,ok
2020,106,shapez,1318690,2020-08,444.34,1128.0,ok
2020,106,shapez,1318690,2020-09,553.83,1018.0,ok
2020,106,shapez,1318690,2020-10,1058.09,2582.0,ok
2020,106,shapez,1318690,2020-11,600.73,1119.0,ok
2020,106,shapez,1318690,2020-12,408.36,609.0,ok
2020,107,Cloudpunk,746850,2020-04,525.81,914.0,ok
2020,107,Cloudpunk,746850,2020-05,135.68,535.0,ok
2020,107,Cloudpunk,746850,2020-06,126.6,539.0,ok
2020,107,Cloudpunk,746850,2020-07,125.25,425.0,ok
2020,107,Cloudpunk,746850,2020-08,45.04,137.0,ok
2020,107,Cloudpunk,746850,2020-09,50.53,131.0,ok
2020,107,Cloudpunk,746850,2020-10,62.22,410.0,ok
2020,107,Cloudpunk,746850,2020-11,91.32,275.0,ok
2020,107,Cloudpunk,746850,2020-12,63.13,185.0,ok
2020,108,Idle Champions of the Forgotten Realms,627690,2020-01,4387.52,5458.0,ok
2020,108,Idle Champions of the Forgotten Realms,627690,2020-02,3997.56,5143.0,ok
2020,108,Idle Champions of the Forgotten Realms,627690,2020-03,4357.32,7017.0,ok
2020,108,Idle Champions of the Forgotten Realms,627690,2020-04,5578.46,7030.0,ok
2020,108,Idle Champions of the Forgotten Realms,627690,2020-05,5139.53,6238.0,ok
2020,108,Idle Champions of the Forgotten Realms,627690,2020-06,4856.63,6068.0,ok
2020,108,Idle Champions of the Forgotten Realms,627690,2020-07,4383.61,5301.0,ok
2020,108,Idle Champions of the Forgotten Realms,627690,2020-08,4435.77,5473.0,ok
2020,108,Idle Champions of the Forgotten Realms,627690,2020-09,4880.5,6243.0,ok
2020,108,Idle Champions of the Forgotten Realms,627690,2020-10,4943.28,6090.0,ok
2020,108,Idle Champions of the Forgotten Realms,627690,2020-11,4703.81,5907.0,ok
2020,108,Idle Champions of the Forgotten Realms,627690,2020-12,4443.99,5456.0,ok
2020,109,Automobilista 2,1066890,2020-04,214.64,642.0,ok
2020,109,Automobilista 2,1066890,2020-05,182.06,503.0,ok
2020,109,Automobilista 2,1066890,2020-06,115.65,343.0,ok
2020,109,Automobilista 2,1066890,2020-07,166.66,690.0,ok
2020,109,Automobilista 2,1066890,2020-08,127.78,324.0,ok
2020,109,Automobilista 2,1066890,2020-09,107.39,250.0,ok
2020,109,Automobilista 2,1066890,2020-10,136.07,976.0,ok
2020,109,Automobilista 2,1066890,2020-11,208.57,713.0,ok
2020,109,Automobilista 2,1066890,2020-12,164.6,429.0,ok
2020,110,Avorion,445220,2020-01,617.85,1345.0,ok
2020,110,Avorion,445220,2020-02,716.87,1293.0,ok
2020,110,Avorion,445220,2020-03,2130.46,4517.0,ok
2020,110,Avorion,445220,2020-04,1920.39,3315.0,ok
2020,110,Avorion,445220,2020-05,1416.73,2598.0,ok
2020,110,Avorion,445220,2020-06,803.2,1372.0,ok
2020,110,Avorion,445220,2020-07,876.93,1484.0,ok
2020,110,Avorion,445220,2020-08,583.53,989.0,ok
2020,110,Avorion,445220,2020-09,554.51,954.0,ok
2020,110,Avorion,445220,2020-10,574.85,989.0,ok
2020,110,Avorion,445220,2020-11,1349.32,2689.0,ok
2020,110,Avorion,445220,2020-12,811.8,1474.0,ok
2020,111,"Yes, Your Grace",1115690,2020-03,444.06,2628.0,ok
2020,111,"Yes, Your Grace",1115690,2020-04,98.64,334.0,ok
2020,111,"Yes, Your Grace",1115690,2020-05,43.66,161.0,ok
2020,111,"Yes, Your Grace",1115690,2020-06,53.63,500.0,ok
2020,111,"Yes, Your Grace",1115690,2020-07,47.58,155.0,ok
2020,111,"Yes, Your Grace",1115690,2020-08,46.65,175.0,ok
2020,111,"Yes, Your Grace",1115690,2020-09,17.02,42.0,ok
2020,111,"Yes, Your Grace",1115690,2020-10,15.71,72.0,ok
2020,111,"Yes, Your Grace",1115690,2020-11,20.2,70.0,ok
2020,111,"Yes, Your Grace",1115690,2020-12,26.95,94.0,ok
2020,112,Our Life: Beginnings & Always,1129190,2020-11,408.67,733.0,ok
2020,112,Our Life: Beginnings & Always,1129190,2020-12,272.59,528.0,ok
2020,113,Need for Speed™ Hot Pursuit Remastered,1328660,2020-11,256.58,892.0,ok
2020,113,Need for Speed™ Hot Pursuit Remastered,1328660,2020-12,185.16,401.0,ok
2020,114,Pixel Strike 3D,915320,2020-06,478.32,852.0,ok
2020,114,Pixel Strike 3D,915320,2020-07,279.29,466.0,ok
2020,114,Pixel Strike 3D,915320,2020-08,257.54,422.0,ok
2020,114,Pixel Strike 3D,915320,2020-09,154.25,264.0,ok
2020,114,Pixel Strike 3D,915320,2020-10,135.96,244.0,ok
2020,114,Pixel Strike 3D,915320,2020-11,140.4,245.0,ok
2020,114,Pixel Strike 3D,915320,2020-12,178.55,308.0,ok
2020,115,BLEACH Brave Souls,1201240,2020-08,2528.42,3932.0,ok
2020,115,BLEACH Brave Souls,1201240,2020-09,1996.57,3351.0,ok
2020,115,BLEACH Brave Souls,1201240,2020-10,1622.65,2956.0,ok
2020,115,BLEACH Brave Souls,1201240,2020-11,1430.22,2472.0,ok
2020,115,BLEACH Brave Souls,1201240,2020-12,1478.16,3692.0,ok
2020,116,From the Depths,268650,2020-01,538.74,1157.0,ok
2020,116,From the Depths,268650,2020-02,414.12,813.0,ok
2020,116,From the Depths,268650,2020-03,440.37,1175.0,ok
2020,116,From the Depths,268650,2020-04,840.58,1623.0,ok
2020,116,From the Depths,268650,2020-05,473.38,859.0,ok
2020,116,From the Depths,268650,2020-06,503.17,865.0,ok
2020,116,From the Depths,268650,2020-07,395.2,626.0,ok
2020,116,From the Depths,268650,2020-08,355.04,535.0,ok
2020,116,From the Depths,268650,2020-09,324.5,520.0,ok
2020,116,From the Depths,268650,2020-10,380.4,648.0,ok
2020,116,From the Depths,268650,2020-11,556.82,1033.0,ok
2020,116,From the Depths,268650,2020-12,523.07,942.0,ok
2020,117,Escape Room - Der kranke Kollege,1301720,2020-09,30.44,137.0,ok
2020,117,Escape Room - Der kranke Kollege,1301720,2020-10,41.01,80.0,ok
2020,117,Escape Room - Der kranke Kollege,1301720,2020-11,87.65,300.0,ok
2020,117,Escape Room - Der kranke Kollege,1301720,2020-12,68.03,213.0,ok
2020,118,SUPERHOT: MIND CONTROL DELETE,690040,2020-01,14.49,36.0,ok
2020,118,SUPERHOT: MIND CONTROL DELETE,690040,2020-02,12.32,30.0,ok
2020,118,SUPERHOT: MIND CONTROL DELETE,690040,2020-03,11.49,27.0,ok
2020,118,SUPERHOT: MIND CONTROL DELETE,690040,2020-04,9.2,20.0,ok
2020,118,SUPERHOT: MIND CONTROL DELETE,690040,2020-05,8.19,22.0,ok
2020,118,SUPERHOT: MIND CONTROL DELETE,690040,2020-06,8.24,21.0,ok
2020,118,SUPERHOT: MIND CONTROL DELETE,690040,2020-07,930.16,3718.0,ok
2020,118,SUPERHOT: MIND CONTROL DELETE,690040,2020-08,357.15,919.0,ok
2020,118,SUPERHOT: MIND CONTROL DELETE,690040,2020-09,176.3,314.0,ok
2020,118,SUPERHOT: MIND CONTROL DELETE,690040,2020-10,136.05,278.0,ok
2020,118,SUPERHOT: MIND CONTROL DELETE,690040,2020-11,124.35,241.0,ok
2020,118,SUPERHOT: MIND CONTROL DELETE,690040,2020-12,101.84,190.0,ok
2020,119,Monster Sanctuary,814370,2020-01,62.32,151.0,ok
2020,119,Monster Sanctuary,814370,2020-02,41.29,108.0,ok
2020,119,Monster Sanctuary,814370,2020-03,80.47,556.0,ok
2020,119,Monster Sanctuary,814370,2020-04,90.39,346.0,ok
2020,119,Monster Sanctuary,814370,2020-05,94.75,627.0,ok
2020,119,Monster Sanctuary,814370,2020-06,163.89,538.0,ok
2020,119,Monster Sanctuary,814370,2020-07,122.86,441.0,ok
2020,119,Monster Sanctuary,814370,2020-08,68.44,177.0,ok
2020,119,Monster Sanctuary,814370,2020-09,61.5,148.0,ok
2020,119,Monster Sanctuary,814370,2020-10,44.04,131.0,ok
2020,119,Monster Sanctuary,814370,2020-11,54.35,151.0,ok
2020,119,Monster Sanctuary,814370,2020-12,580.84,1351.0,ok
2020,120,RIDE 4,1259980,2020-10,480.15,1307.0,ok
2020,120,RIDE 4,1259980,2020-11,302.83,713.0,ok
2020,120,RIDE 4,1259980,2020-12,235.2,511.0,ok
2020,121,Easy Red 2,1324780,2020-11,4.6,17.0,ok
2020,121,Easy Red 2,1324780,2020-12,5.01,17.0,ok
2020,122,Coffee Talk,914800,2020-02,105.02,412.0,ok
2020,122,Coffee Talk,914800,2020-03,35.73,76.0,ok
2020,122,Coffee Talk,914800,2020-04,24.18,64.0,ok
2020,122,Coffee Talk,914800,2020-05,38.42,110.0,ok
2020,122,Coffee Talk,914800,2020-06,21.56,70.0,ok
2020,122,Coffee Talk,914800,2020-07,29.82,67.0,ok
2020,122,Coffee Talk,914800,2020-08,36.05,195.0,ok
2020,122,Coffee Talk,914800,2020-09,22.81,68.0,ok
2020,122,Coffee Talk,914800,2020-10,14.97,38.0,ok
2020,122,Coffee Talk,914800,2020-11,27.47,79.0,ok
2020,122,Coffee Talk,914800,2020-12,28.63,63.0,ok
2020,123,Post Void,1285670,2020-08,22.37,61.0,ok
2020,123,Post Void,1285670,2020-09,11.41,31.0,ok
2020,123,Post Void,1285670,2020-10,9.6,37.0,ok
2020,123,Post Void,1285670,2020-11,18.48,123.0,ok
2020,123,Post Void,1285670,2020-12,11.35,39.0,ok
2020,124,Night of the Dead,1377380,2020-09,1695.26,4406.0,ok
2020,124,Night of the Dead,1377380,2020-10,648.85,1692.0,ok
2020,124,Night of the Dead,1377380,2020-11,378.48,1063.0,ok
2020,124,Night of the Dead,1377380,2020-12,227.49,478.0,ok
2020,125,Being a DIK - Season 1,1126320,2020-02,543.47,1185.0,ok
2020,125,Being a DIK - Season 1,1126320,2020-03,236.88,373.0,ok
2020,125,Being a DIK - Season 1,1126320,2020-04,226.12,328.0,ok
2020,125,Being a DIK - Season 1,1126320,2020-05,199.32,320.0,ok
2020,125,Being a DIK - Season 1,1126320,2020-06,151.64,240.0,ok
2020,125,Being a DIK - Season 1,1126320,2020-07,161.6,226.0,ok
2020,125,Being a DIK - Season 1,1126320,2020-08,187.99,295.0,ok
2020,125,Being a DIK - Season 1,1126320,2020-09,121.33,187.0,ok
2020,125,Being a DIK - Season 1,1126320,2020-10,132.65,245.0,ok
2020,125,Being a DIK - Season 1,1126320,2020-11,112.39,217.0,ok
2020,125,Being a DIK - Season 1,1126320,2020-12,116.52,217.0,ok
2020,126,Wingspan,1054490,2020-09,438.23,819.0,ok
2020,126,Wingspan,1054490,2020-10,252.9,455.0,ok
2020,126,Wingspan,1054490,2020-11,275.49,624.0,ok
2020,126,Wingspan,1054490,2020-12,331.94,731.0,ok
2020,127,Torchlight III,1030210,2020-06,1276.44,3474.0,ok
2020,127,Torchlight III,1030210,2020-07,544.23,1418.0,ok
2020,127,Torchlight III,1030210,2020-08,433.11,984.0,ok
2020,127,Torchlight III,1030210,2020-09,258.78,505.0,ok
2020,127,Torchlight III,1030210,2020-10,1310.11,3849.0,ok
2020,127,Torchlight III,1030210,2020-11,527.47,1728.0,ok
2020,127,Torchlight III,1030210,2020-12,445.68,1233.0,ok
2020,128,BPM: BULLETS PER MINUTE,1286350,2020-09,698.75,1540.0,ok
2020,128,BPM: BULLETS PER MINUTE,1286350,2020-10,209.44,536.0,ok
2020,128,BPM: BULLETS PER MINUTE,1286350,2020-11,156.29,396.0,ok
2020,128,BPM: BULLETS PER MINUTE,1286350,2020-12,103.57,204.0,ok
2020,129,DRAGON QUEST® XI S: Echoes of an Elusive Age™ - Definitive Edition,1295510,2020-12,2120.2,4181.0,ok
2020,130,Destroy All Humans!,803330,2020-08,984.05,5378.0,ok
2020,130,Destroy All Humans!,803330,2020-09,162.22,346.0,ok
2020,130,Destroy All Humans!,803330,2020-10,82.55,192.0,ok
2020,130,Destroy All Humans!,803330,2020-11,75.34,310.0,ok
2020,130,Destroy All Humans!,803330,2020-12,125.94,590.0,ok
2020,131,Ancestors: The Humankind Odyssey,536270,2020-09,791.05,2658.0,ok
2020,131,Ancestors: The Humankind Odyssey,536270,2020-10,159.88,404.0,ok
2020,131,Ancestors: The Humankind Odyssey,536270,2020-11,326.35,743.0,ok
2020,131,Ancestors: The Humankind Odyssey,536270,2020-12,249.08,732.0,ok
2020,132,Into the Radius VR,1012790,2020-01,0.66,3.0,ok
2020,132,Into the Radius VR,1012790,2020-02,1.11,5.0,ok
2020,132,Into the Radius VR,1012790,2020-03,0.98,5.0,ok
2020,132,Into the Radius VR,1012790,2020-04,1.01,4.0,ok
2020,132,Into the Radius VR,1012790,2020-05,1.35,5.0,ok
2020,132,Into the Radius VR,1012790,2020-06,3.41,21.0,ok
2020,132,Into the Radius VR,1012790,2020-07,10.76,46.0,ok
2020,132,Into the Radius VR,1012790,2020-08,11.85,34.0,ok
2020,132,Into the Radius VR,1012790,2020-09,11.29,41.0,ok
2020,132,Into the Radius VR,1012790,2020-10,9.29,42.0,ok
2020,132,Into the Radius VR,1012790,2020-11,16.72,55.0,ok
2020,132,Into the Radius VR,1012790,2020-12,15.21,51.0,ok
2020,133,Suzerain,1207650,2020-12,233.11,935.0,ok
2020,134,Virtual Cottage,1369320,2020-10,181.4,403.0,ok
2020,134,Virtual Cottage,1369320,2020-11,151.43,264.0,ok
2020,134,Virtual Cottage,1369320,2020-12,152.6,282.0,ok
2020,135,Soulworker,1377580,2020-10,3437.8,7975.0,ok
2020,135,Soulworker,1377580,2020-11,4135.63,9368.0,ok
2020,135,Soulworker,1377580,2020-12,3088.76,6851.0,ok
2020,136,House of Detention,1293230,2020-06,24.14,124.0,ok
2020,136,House of Detention,1293230,2020-07,24.73,104.0,ok
2020,136,House of Detention,1293230,2020-08,7.32,32.0,ok
2020,136,House of Detention,1293230,2020-09,17.16,136.0,ok
2020,136,House of Detention,1293230,2020-10,6.87,46.0,ok
2020,136,House of Detention,1293230,2020-11,24.47,471.0,ok
2020,136,House of Detention,1293230,2020-12,12.06,83.0,ok
2020,137,Biped,1071870,2020-04,217.2,1232.0,ok
2020,137,Biped,1071870,2020-05,111.2,337.0,ok
2020,137,Biped,1071870,2020-06,76.87,313.0,ok
2020,137,Biped,1071870,2020-07,98.75,442.0,ok
2020,137,Biped,1071870,2020-08,70.28,245.0,ok
2020,137,Biped,1071870,2020-09,53.32,231.0,ok
2020,137,Biped,1071870,2020-10,52.51,171.0,ok
2020,137,Biped,1071870,2020-11,52.75,245.0,ok
2020,137,Biped,1071870,2020-12,64.54,254.0,ok
2020,138,Visage,594330,2020-01,23.91,74.0,ok
2020,138,Visage,594330,2020-02,20.77,50.0,ok
2020,138,Visage,594330,2020-03,27.51,77.0,ok
2020,138,Visage,594330,2020-04,31.17,75.0,ok
2020,138,Visage,594330,2020-05,37.01,87.0,ok
2020,138,Visage,594330,2020-06,32.25,87.0,ok
2020,138,Visage,594330,2020-07,34.45,79.0,ok
2020,138,Visage,594330,2020-08,31.33,67.0,ok
2020,138,Visage,594330,2020-09,26.37,67.0,ok
2020,138,Visage,594330,2020-10,65.99,1164.0,ok
2020,138,Visage,594330,2020-11,196.49,1121.0,ok
2020,138,Visage,594330,2020-12,82.93,208.0,ok
2020,139,Kingdom Rush Vengeance - Tower Defense,1367550,2020-10,1236.19,3183.0,ok
2020,139,Kingdom Rush Vengeance - Tower Defense,1367550,2020-11,449.72,1084.0,ok
2020,139,Kingdom Rush Vengeance - Tower Defense,1367550,2020-12,299.39,707.0,ok
2020,140,Angel Legion,1333350,2020-08,57.15,86.0,ok
2020,140,Angel Legion,1333350,2020-09,55.92,83.0,ok
2020,140,Angel Legion,1333350,2020-10,59.37,92.0,ok
2020,140,Angel Legion,1333350,2020-11,61.54,99.0,ok
2020,140,Angel Legion,1333350,2020-12,61.18,96.0,ok
2020,141,Idle Slayer,1353300,2020-08,44.77,94.0,ok
2020,141,Idle Slayer,1353300,2020-09,21.24,40.0,ok
2020,141,Idle Slayer,1353300,2020-10,18.29,34.0,ok
2020,141,Idle Slayer,1353300,2020-11,21.38,44.0,ok
2020,141,Idle Slayer,1353300,2020-12,82.83,396.0,ok
2020,142,The Walking Dead: Saints & Sinners,916840,2020-02,370.53,1366.0,ok
2020,142,The Walking Dead: Saints & Sinners,916840,2020-03,172.31,395.0,ok
2020,142,The Walking Dead: Saints & Sinners,916840,2020-04,111.85,234.0,ok
2020,142,The Walking Dead: Saints & Sinners,916840,2020-05,98.48,190.0,ok
2020,142,The Walking Dead: Saints & Sinners,916840,2020-06,89.8,233.0,ok
2020,142,The Walking Dead: Saints & Sinners,916840,2020-07,123.37,255.0,ok
2020,142,The Walking Dead: Saints & Sinners,916840,2020-08,95.56,197.0,ok
2020,142,The Walking Dead: Saints & Sinners,916840,2020-09,88.78,180.0,ok
2020,142,The Walking Dead: Saints & Sinners,916840,2020-10,88.81,205.0,ok
2020,142,The Walking Dead: Saints & Sinners,916840,2020-11,158.99,382.0,ok
2020,142,The Walking Dead: Saints & Sinners,916840,2020-12,131.84,350.0,ok
2020,143,The Survivalists,897450,2020-10,653.93,3518.0,ok
2020,143,The Survivalists,897450,2020-11,139.56,363.0,ok
2020,143,The Survivalists,897450,2020-12,192.11,436.0,ok
2020,144,Assemble with Care,1202900,2020-04,10.06,49.0,ok
2020,144,Assemble with Care,1202900,2020-05,3.0,11.0,ok
2020,144,Assemble with Care,1202900,2020-06,27.04,274.0,ok
2020,144,Assemble with Care,1202900,2020-07,9.91,37.0,ok
2020,144,Assemble with Care,1202900,2020-08,3.93,17.0,ok
2020,144,Assemble with Care,1202900,2020-09,2.81,9.0,ok
2020,144,Assemble with Care,1202900,2020-10,2.86,17.0,ok
2020,144,Assemble with Care,1202900,2020-11,3.77,21.0,ok
2020,144,Assemble with Care,1202900,2020-12,4.69,18.0,ok
2020,145,Samsara Room,1281800,2020-05,313.34,1153.0,ok
2020,145,Samsara Room,1281800,2020-06,88.91,183.0,ok
2020,145,Samsara Room,1281800,2020-07,57.22,108.0,ok
2020,145,Samsara Room,1281800,2020-08,47.5,82.0,ok
2020,145,Samsara Room,1281800,2020-09,36.07,73.0,ok
2020,145,Samsara Room,1281800,2020-10,41.12,98.0,ok
2020,145,Samsara Room,1281800,2020-11,38.2,81.0,ok
2020,145,Samsara Room,1281800,2020-12,36.19,78.0,ok
2020,146,UnderMine,656350,2020-01,392.52,904.0,ok
2020,146,UnderMine,656350,2020-02,360.19,828.0,ok
2020,146,UnderMine,656350,2020-03,228.14,627.0,ok
2020,146,UnderMine,656350,2020-04,260.25,528.0,ok
2020,146,UnderMine,656350,2020-05,384.01,793.0,ok
2020,146,UnderMine,656350,2020-06,186.54,315.0,ok
2020,146,UnderMine,656350,2020-07,224.53,424.0,ok
2020,146,UnderMine,656350,2020-08,1242.75,3234.0,ok
2020,146,UnderMine,656350,2020-09,824.09,1756.0,ok
2020,146,UnderMine,656350,2020-10,472.39,1228.0,ok
2020,146,UnderMine,656350,2020-11,310.53,719.0,ok
2020,146,UnderMine,656350,2020-12,385.16,921.0,ok
2020,147,Space Haven,979110,2020-06,1167.72,2770.0,ok
2020,147,Space Haven,979110,2020-07,603.03,1215.0,ok
2020,147,Space Haven,979110,2020-08,385.92,719.0,ok
2020,147,Space Haven,979110,2020-09,248.81,459.0,ok
2020,147,Space Haven,979110,2020-10,312.0,831.0,ok
2020,147,Space Haven,979110,2020-11,442.91,870.0,ok
2020,147,Space Haven,979110,2020-12,715.57,1802.0,ok
2020,148,Chronicon,375480,2020-01,27.55,51.0,ok
2020,148,Chronicon,375480,2020-02,39.34,74.0,ok
2020,148,Chronicon,375480,2020-03,35.55,73.0,ok
2020,148,Chronicon,375480,2020-04,39.34,81.0,ok
2020,148,Chronicon,375480,2020-05,38.46,67.0,ok
2020,148,Chronicon,375480,2020-06,33.33,68.0,ok
2020,148,Chronicon,375480,2020-07,81.44,393.0,ok
2020,148,Chronicon,375480,2020-08,611.24,4368.0,ok
2020,148,Chronicon,375480,2020-09,1917.73,4858.0,ok
2020,148,Chronicon,375480,2020-10,540.69,1108.0,ok
2020,148,Chronicon,375480,2020-11,363.83,1123.0,ok
2020,148,Chronicon,375480,2020-12,266.75,638.0,ok
2020,149,TROUBLESHOOTER: Abandoned Children,470310,2020-01,125.32,298.0,ok
2020,149,TROUBLESHOOTER: Abandoned Children,470310,2020-02,94.93,266.0,ok
2020,149,TROUBLESHOOTER: Abandoned Children,470310,2020-03,116.26,260.0,ok
2020,149,TROUBLESHOOTER: Abandoned Children,470310,2020-04,213.38,954.0,ok
2020,149,TROUBLESHOOTER: Abandoned Children,470310,2020-05,534.07,993.0,ok
2020,149,TROUBLESHOOTER: Abandoned Children,470310,2020-06,320.82,583.0,ok
2020,149,TROUBLESHOOTER: Abandoned Children,470310,2020-07,344.01,640.0,ok
2020,149,TROUBLESHOOTER: Abandoned Children,470310,2020-08,237.69,447.0,ok
2020,149,TROUBLESHOOTER: Abandoned Children,470310,2020-09,161.77,337.0,ok
2020,149,TROUBLESHOOTER: Abandoned Children,470310,2020-10,127.53,291.0,ok
2020,149,TROUBLESHOOTER: Abandoned Children,470310,2020-11,176.46,395.0,ok
2020,149,TROUBLESHOOTER: Abandoned Children,470310,2020-12,187.45,352.0,ok
2020,150,The Dark Pictures Anthology: Little Hope,1194630,2020-11,479.8,3749.0,ok
2020,150,The Dark Pictures Anthology: Little Hope,1194630,2020-12,105.78,367.0,ok
2020,151,Xuan-Yuan Sword VII,1249800,2020-11,808.52,8436.0,ok
2020,151,Xuan-Yuan Sword VII,1249800,2020-12,133.09,431.0,ok
2020,152,Baldi's Basics Plus,1275890,2020-06,49.83,185.0,ok
2020,152,Baldi's Basics Plus,1275890,2020-07,26.83,59.0,ok
2020,152,Baldi's Basics Plus,1275890,2020-08,17.97,42.0,ok
2020,152,Baldi's Basics Plus,1275890,2020-09,19.59,102.0,ok
2020,152,Baldi's Basics Plus,1275890,2020-10,9.68,29.0,ok
2020,152,Baldi's Basics Plus,1275890,2020-11,13.63,65.0,ok
2020,152,Baldi's Basics Plus,1275890,2020-12,13.17,35.0,ok
2020,153,Kingdoms Reborn,1307890,2020-11,722.38,1743.0,ok
2020,153,Kingdoms Reborn,1307890,2020-12,408.68,1026.0,ok
2020,154,Walking Simulator,1214280,2020-03,169.94,430.0,ok
2020,154,Walking Simulator,1214280,2020-04,89.32,159.0,ok
2020,154,Walking Simulator,1214280,2020-05,62.51,198.0,ok
2020,154,Walking Simulator,1214280,2020-06,40.92,107.0,ok
2020,154,Walking Simulator,1214280,2020-07,31.27,60.0,ok
2020,154,Walking Simulator,1214280,2020-08,26.54,49.0,ok
2020,154,Walking Simulator,1214280,2020-09,21.94,44.0,ok
2020,154,Walking Simulator,1214280,2020-10,21.76,46.0,ok
2020,154,Walking Simulator,1214280,2020-11,21.31,47.0,ok
2020,154,Walking Simulator,1214280,2020-12,17.99,46.0,ok
2020,155,Pumpkin Jack,1186640,2020-10,219.02,401.0,ok
2020,155,Pumpkin Jack,1186640,2020-11,43.59,326.0,ok
2020,155,Pumpkin Jack,1186640,2020-12,19.08,60.0,ok
2020,156,Amnesia: Rebirth,999220,2020-10,1026.66,2811.0,ok
2020,156,Amnesia: Rebirth,999220,2020-11,172.63,1046.0,ok
2020,156,Amnesia: Rebirth,999220,2020-12,66.89,149.0,ok
2020,157,Carto,1172450,2020-11,31.16,185.0,ok
2020,157,Carto,1172450,2020-12,13.54,56.0,ok
2020,158,Tank Mechanic Simulator,407130,2020-03,558.82,2059.0,ok
2020,158,Tank Mechanic Simulator,407130,2020-04,242.33,498.0,ok
2020,158,Tank Mechanic Simulator,407130,2020-05,220.04,492.0,ok
2020,158,Tank Mechanic Simulator,407130,2020-06,226.32,597.0,ok
2020,158,Tank Mechanic Simulator,407130,2020-07,164.1,359.0,ok
2020,158,Tank Mechanic Simulator,407130,2020-08,117.22,286.0,ok
2020,158,Tank Mechanic Simulator,407130,2020-09,95.09,184.0,ok
2020,158,Tank Mechanic Simulator,407130,2020-10,151.97,422.0,ok
2020,158,Tank Mechanic Simulator,407130,2020-11,113.58,299.0,ok
2020,158,Tank Mechanic Simulator,407130,2020-12,110.85,268.0,ok
2020,159,NEKOPARA Vol. 4,1406990,2020-12,244.67,900.0,ok
2020,160,5D Chess With Multiverse Time Travel,1349230,2020-07,323.98,640.0,ok
2020,160,5D Chess With Multiverse Time Travel,1349230,2020-08,106.41,326.0,ok
2020,160,5D Chess With Multiverse Time Travel,1349230,2020-09,53.15,128.0,ok
2020,160,5D Chess With Multiverse Time Travel,1349230,2020-10,44.88,124.0,ok
2020,160,5D Chess With Multiverse Time Travel,1349230,2020-11,35.1,85.0,ok
2020,160,5D Chess With Multiverse Time Travel,1349230,2020-12,38.73,125.0,ok
2020,161,TheDawn,1475380,2020-12,74.86,200.0,ok
2020,162,Partisans 1941,1227530,2020-10,1006.27,3051.0,ok
2020,162,Partisans 1941,1227530,2020-11,247.05,827.0,ok
2020,162,Partisans 1941,1227530,2020-12,223.92,526.0,ok
2020,163,Granblue Fantasy: Versus,1090630,2020-03,1371.76,2277.0,ok
2020,163,Granblue Fantasy: Versus,1090630,2020-04,867.36,2599.0,ok
2020,163,Granblue Fantasy: Versus,1090630,2020-05,442.38,1055.0,ok
2020,163,Granblue Fantasy: Versus,1090630,2020-06,267.63,677.0,ok
2020,163,Granblue Fantasy: Versus,1090630,2020-07,213.07,509.0,ok
2020,163,Granblue Fantasy: Versus,1090630,2020-08,166.88,343.0,ok
2020,163,Granblue Fantasy: Versus,1090630,2020-09,203.6,1000.0,ok
2020,163,Granblue Fantasy: Versus,1090630,2020-10,213.37,934.0,ok
2020,163,Granblue Fantasy: Versus,1090630,2020-11,211.12,688.0,ok
2020,163,Granblue Fantasy: Versus,1090630,2020-12,246.1,1018.0,ok
2020,164,Total Tank Simulator,674500,2020-05,609.2,1545.0,ok
2020,164,Total Tank Simulator,674500,2020-06,181.88,362.0,ok
2020,164,Total Tank Simulator,674500,2020-07,146.17,306.0,ok
2020,164,Total Tank Simulator,674500,2020-08,84.7,142.0,ok
2020,164,Total Tank Simulator,674500,2020-09,93.42,237.0,ok
2020,164,Total Tank Simulator,674500,2020-10,71.47,156.0,ok
2020,164,Total Tank Simulator,674500,2020-11,72.34,152.0,ok
2020,164,Total Tank Simulator,674500,2020-12,81.65,226.0,ok
2020,165,Due Process,753650,2020-08,198.15,439.0,ok
2020,165,Due Process,753650,2020-09,81.09,381.0,ok
2020,165,Due Process,753650,2020-10,123.23,1530.0,ok
2020,165,Due Process,753650,2020-11,232.06,1474.0,ok
2020,165,Due Process,753650,2020-12,85.0,316.0,ok
2020,166,DOOM 64,1148590,2020-03,438.5,951.0,ok
2020,166,DOOM 64,1148590,2020-04,162.08,412.0,ok
2020,166,DOOM 64,1148590,2020-05,61.26,151.0,ok
2020,166,DOOM 64,1148590,2020-06,51.97,200.0,ok
2020,166,DOOM 64,1148590,2020-07,68.19,170.0,ok
2020,166,DOOM 64,1148590,2020-08,52.15,128.0,ok
2020,166,DOOM 64,1148590,2020-09,38.03,73.0,ok
2020,166,DOOM 64,1148590,2020-10,32.65,64.0,ok
2020,166,DOOM 64,1148590,2020-11,35.84,112.0,ok
2020,166,DOOM 64,1148590,2020-12,46.44,109.0,ok
2020,167,Furry Love,1334590,2020-07,28.85,122.0,ok
2020,167,Furry Love,1334590,2020-08,6.16,21.0,ok
2020,167,Furry Love,1334590,2020-09,29.49,366.0,ok
2020,167,Furry Love,1334590,2020-10,14.9,117.0,ok
2020,167,Furry Love,1334590,2020-11,32.91,188.0,ok
2020,167,Furry Love,1334590,2020-12,21.75,265.0,ok
2020,168,Train Sim World® 2,1282590,2020-08,736.96,1799.0,ok
2020,168,Train Sim World® 2,1282590,2020-09,357.68,762.0,ok
2020,168,Train Sim World® 2,1282590,2020-10,381.94,1099.0,ok
2020,168,Train Sim World® 2,1282590,2020-11,385.83,871.0,ok
2020,168,Train Sim World® 2,1282590,2020-12,481.95,1204.0,ok
2020,169,Poly Bridge 2,1062160,2020-06,786.44,1658.0,ok
2020,169,Poly Bridge 2,1062160,2020-07,344.63,530.0,ok
2020,169,Poly Bridge 2,1062160,2020-08,355.73,840.0,ok
2020,169,Poly Bridge 2,1062160,2020-09,219.83,334.0,ok
2020,169,Poly Bridge 2,1062160,2020-10,270.92,590.0,ok
2020,169,Poly Bridge 2,1062160,2020-11,273.13,583.0,ok
2020,169,Poly Bridge 2,1062160,2020-12,197.79,408.0,ok
2020,170,Iratus: Lord of the Dead,807120,2020-01,91.68,227.0,ok
2020,170,Iratus: Lord of the Dead,807120,2020-02,132.2,309.0,ok
2020,170,Iratus: Lord of the Dead,807120,2020-03,83.94,215.0,ok
2020,170,Iratus: Lord of the Dead,807120,2020-04,687.39,4238.0,ok
2020,170,Iratus: Lord of the Dead,807120,2020-05,566.95,2260.0,ok
2020,170,Iratus: Lord of the Dead,807120,2020-06,221.31,452.0,ok
2020,170,Iratus: Lord of the Dead,807120,2020-07,211.03,476.0,ok
2020,170,Iratus: Lord of the Dead,807120,2020-08,160.94,688.0,ok
2020,170,Iratus: Lord of the Dead,807120,2020-09,104.18,252.0,ok
2020,170,Iratus: Lord of the Dead,807120,2020-10,217.67,994.0,ok
2020,170,Iratus: Lord of the Dead,807120,2020-11,218.1,788.0,ok
2020,170,Iratus: Lord of the Dead,807120,2020-12,146.36,289.0,ok
2020,171,Manifold Garden,473950,2020-10,128.57,324.0,ok
2020,171,Manifold Garden,473950,2020-11,32.99,94.0,ok
2020,171,Manifold Garden,473950,2020-12,33.66,107.0,ok
2020,172,Death and Taxes,1166290,2020-03,50.07,171.0,ok
2020,172,Death and Taxes,1166290,2020-04,41.58,107.0,ok
2020,172,Death and Taxes,1166290,2020-05,15.95,53.0,ok
2020,172,Death and Taxes,1166290,2020-06,21.91,67.0,ok
2020,172,Death and Taxes,1166290,2020-07,17.59,45.0,ok
2020,172,Death and Taxes,1166290,2020-08,15.81,69.0,ok
2020,172,Death and Taxes,1166290,2020-09,14.26,42.0,ok
2020,172,Death and Taxes,1166290,2020-10,14.28,82.0,ok
2020,172,Death and Taxes,1166290,2020-11,26.81,81.0,ok
2020,172,Death and Taxes,1166290,2020-12,17.04,59.0,ok
2020,173,Scribble It!,1088150,2020-03,1.77,35.0,ok
2020,173,Scribble It!,1088150,2020-06,1.13,7.0,ok
2020,173,Scribble It!,1088150,2020-07,0.36,12.0,ok
2020,173,Scribble It!,1088150,2020-08,0.71,9.0,ok
2020,173,Scribble It!,1088150,2020-09,0.39,13.0,ok
2020,173,Scribble It!,1088150,2020-10,106.49,355.0,ok
2020,173,Scribble It!,1088150,2020-11,232.77,1147.0,ok
2020,173,Scribble It!,1088150,2020-12,423.41,1202.0,ok
2020,174,The Dungeon Of Naheulbeuk: The Amulet Of Chaos,970830,2020-09,1893.77,4622.0,ok
2020,174,The Dungeon Of Naheulbeuk: The Amulet Of Chaos,970830,2020-10,751.77,2694.0,ok
2020,174,The Dungeon Of Naheulbeuk: The Amulet Of Chaos,970830,2020-11,411.45,1654.0,ok
2020,174,The Dungeon Of Naheulbeuk: The Amulet Of Chaos,970830,2020-12,235.24,630.0,ok
2020,175,Streamer Life Simulator,1261040,2020-08,380.39,741.0,ok
2020,175,Streamer Life Simulator,1261040,2020-09,221.67,535.0,ok
2020,175,Streamer Life Simulator,1261040,2020-10,207.68,511.0,ok
2020,175,Streamer Life Simulator,1261040,2020-11,89.51,216.0,ok
2020,175,Streamer Life Simulator,1261040,2020-12,68.96,152.0,ok
2020,176,Kingdoms of Amalur: Re-Reckoning,1041720,2020-09,2273.76,6219.0,ok
2020,176,Kingdoms of Amalur: Re-Reckoning,1041720,2020-10,597.99,1697.0,ok
2020,176,Kingdoms of Amalur: Re-Reckoning,1041720,2020-11,262.71,607.0,ok
2020,176,Kingdoms of Amalur: Re-Reckoning,1041720,2020-12,199.93,446.0,ok
2020,177,One Step From Eden,960690,2020-04,989.01,2360.0,ok
2020,177,One Step From Eden,960690,2020-05,326.44,636.0,ok
2020,177,One Step From Eden,960690,2020-06,154.78,312.0,ok
2020,177,One Step From Eden,960690,2020-07,185.08,349.0,ok
2020,177,One Step From Eden,960690,2020-08,96.88,174.0,ok
2020,177,One Step From Eden,960690,2020-09,74.57,134.0,ok
2020,177,One Step From Eden,960690,2020-10,47.5,103.0,ok
2020,177,One Step From Eden,960690,2020-11,67.99,145.0,ok
2020,177,One Step From Eden,960690,2020-12,321.43,672.0,ok
2020,178,Alba: A Wildlife Adventure,1337010,2020-12,43.78,134.0,ok
2020,179,Fireworks Mania - An Explosive Simulator,1079260,2020-12,84.68,479.0,ok
2020,180,Unfortunate Spacemen,408900,2020-01,1.1,13.0,ok
2020,180,Unfortunate Spacemen,408900,2020-02,0.78,18.0,ok
2020,180,Unfortunate Spacemen,408900,2020-03,0.76,17.0,ok
2020,180,Unfortunate Spacemen,408900,2020-04,0.51,12.0,ok
2020,180,Unfortunate Spacemen,408900,2020-05,0.94,18.0,ok
2020,180,Unfortunate Spacemen,408900,2020-06,734.44,11736.0,ok
2020,180,Unfortunate Spacemen,408900,2020-07,342.35,838.0,ok
2020,180,Unfortunate Spacemen,408900,2020-08,247.37,732.0,ok
2020,180,Unfortunate Spacemen,408900,2020-09,231.29,725.0,ok
2020,180,Unfortunate Spacemen,408900,2020-10,310.62,1098.0,ok
2020,180,Unfortunate Spacemen,408900,2020-11,527.93,2200.0,ok
2020,180,Unfortunate Spacemen,408900,2020-12,289.64,927.0,ok
2020,181,Gears Tactics,1184050,2020-05,1314.6,5979.0,ok
2020,181,Gears Tactics,1184050,2020-06,220.58,605.0,ok
2020,181,Gears Tactics,1184050,2020-07,238.21,545.0,ok
2020,181,Gears Tactics,1184050,2020-08,132.04,312.0,ok
2020,181,Gears Tactics,1184050,2020-09,90.81,176.0,ok
2020,181,Gears Tactics,1184050,2020-10,71.3,153.0,ok
2020,181,Gears Tactics,1184050,2020-11,107.16,228.0,ok
2020,181,Gears Tactics,1184050,2020-12,276.79,663.0,ok
2020,182,Songs of Syx,1162750,2020-09,104.7,221.0,ok
2020,182,Songs of Syx,1162750,2020-10,66.19,156.0,ok
2020,182,Songs of Syx,1162750,2020-11,38.0,88.0,ok
2020,182,Songs of Syx,1162750,2020-12,22.96,60.0,ok
2020,183,Marco & The Galaxy Dragon,1202540,2020-03,56.02,260.0,ok
2020,183,Marco & The Galaxy Dragon,1202540,2020-04,16.39,60.0,ok
2020,183,Marco & The Galaxy Dragon,1202540,2020-05,13.56,51.0,ok
2020,183,Marco & The Galaxy Dragon,1202540,2020-06,9.7,60.0,ok
2020,183,Marco & The Galaxy Dragon,1202540,2020-07,15.52,55.0,ok
2020,183,Marco & The Galaxy Dragon,1202540,2020-08,5.81,19.0,ok
2020,183,Marco & The Galaxy Dragon,1202540,2020-09,4.08,17.0,ok
2020,183,Marco & The Galaxy Dragon,1202540,2020-10,3.31,14.0,ok
2020,183,Marco & The Galaxy Dragon,1202540,2020-11,6.43,29.0,ok
2020,183,Marco & The Galaxy Dragon,1202540,2020-12,7.21,33.0,ok
2020,184,Azur Lane Crosswave,1150080,2020-02,840.14,5184.0,ok
2020,184,Azur Lane Crosswave,1150080,2020-03,91.86,307.0,ok
2020,184,Azur Lane Crosswave,1150080,2020-04,45.5,212.0,ok
2020,184,Azur Lane Crosswave,1150080,2020-05,46.7,142.0,ok
2020,184,Azur Lane Crosswave,1150080,2020-06,30.44,130.0,ok
2020,184,Azur Lane Crosswave,1150080,2020-07,42.67,135.0,ok
2020,184,Azur Lane Crosswave,1150080,2020-08,23.21,56.0,ok
2020,184,Azur Lane Crosswave,1150080,2020-09,21.19,55.0,ok
2020,184,Azur Lane Crosswave,1150080,2020-10,48.51,361.0,ok
2020,184,Azur Lane Crosswave,1150080,2020-11,24.87,101.0,ok
2020,184,Azur Lane Crosswave,1150080,2020-12,25.87,82.0,ok
2020,185,RUSSIAPHOBIA,1184160,2020-12,9.06,25.0,ok
2020,186,Cube Escape Collection,1292940,2020-10,290.43,882.0,ok
2020,186,Cube Escape Collection,1292940,2020-11,108.07,249.0,ok
2020,186,Cube Escape Collection,1292940,2020-12,86.79,194.0,ok
2020,187,Star Fetchers,1178030,2020-01,50.06,109.0,ok
2020,187,Star Fetchers,1178030,2020-02,27.88,101.0,ok
2020,187,Star Fetchers,1178030,2020-03,12.76,30.0,ok
2020,187,Star Fetchers,1178030,2020-04,9.08,27.0,ok
2020,187,Star Fetchers,1178030,2020-05,7.84,27.0,ok
2020,187,Star Fetchers,1178030,2020-06,5.29,16.0,ok
2020,187,Star Fetchers,1178030,2020-07,4.73,20.0,ok
2020,187,Star Fetchers,1178030,2020-08,3.51,11.0,ok
2020,187,Star Fetchers,1178030,2020-09,3.21,12.0,ok
2020,187,Star Fetchers,1178030,2020-10,3.33,14.0,ok
2020,187,Star Fetchers,1178030,2020-11,4.25,31.0,ok
2020,187,Star Fetchers,1178030,2020-12,3.27,12.0,ok
2020,188,There Is No Game: Jam Edition 2015,1241700,2020-03,67.59,153.0,ok
2020,188,There Is No Game: Jam Edition 2015,1241700,2020-04,35.23,73.0,ok
2020,188,There Is No Game: Jam Edition 2015,1241700,2020-05,19.36,37.0,ok
2020,188,There Is No Game: Jam Edition 2015,1241700,2020-06,12.16,32.0,ok
2020,188,There Is No Game: Jam Edition 2015,1241700,2020-07,8.35,22.0,ok
2020,188,There Is No Game: Jam Edition 2015,1241700,2020-08,20.94,57.0,ok
2020,188,There Is No Game: Jam Edition 2015,1241700,2020-09,11.85,33.0,ok
2020,188,There Is No Game: Jam Edition 2015,1241700,2020-10,19.17,40.0,ok
2020,188,There Is No Game: Jam Edition 2015,1241700,2020-11,16.88,40.0,ok
2020,188,There Is No Game: Jam Edition 2015,1241700,2020-12,18.53,58.0,ok
2020,189,LEWDAPOCALYPSE Hentai Evil,1271710,2020-05,34.66,173.0,ok
2020,189,LEWDAPOCALYPSE Hentai Evil,1271710,2020-06,27.99,79.0,ok
2020,189,LEWDAPOCALYPSE Hentai Evil,1271710,2020-07,19.16,41.0,ok
2020,189,LEWDAPOCALYPSE Hentai Evil,1271710,2020-08,24.6,83.0,ok
2020,189,LEWDAPOCALYPSE Hentai Evil,1271710,2020-09,12.98,32.0,ok
2020,189,LEWDAPOCALYPSE Hentai Evil,1271710,2020-10,19.97,54.0,ok
2020,189,LEWDAPOCALYPSE Hentai Evil,1271710,2020-11,15.72,48.0,ok
2020,189,LEWDAPOCALYPSE Hentai Evil,1271710,2020-12,29.83,145.0,ok
2020,190,Ostriv,773790,2020-03,623.68,1117.0,ok
2020,190,Ostriv,773790,2020-04,374.36,697.0,ok
2020,190,Ostriv,773790,2020-05,210.66,523.0,ok
2020,190,Ostriv,773790,2020-06,103.78,192.0,ok
2020,190,Ostriv,773790,2020-07,112.39,311.0,ok
2020,190,Ostriv,773790,2020-08,100.85,199.0,ok
2020,190,Ostriv,773790,2020-09,94.55,190.0,ok
2020,190,Ostriv,773790,2020-10,92.68,175.0,ok
2020,190,Ostriv,773790,2020-11,84.73,168.0,ok
2020,190,Ostriv,773790,2020-12,75.65,146.0,ok
2020,191,THE LONGING,893850,2020-03,531.32,1051.0,ok
2020,191,THE LONGING,893850,2020-04,229.89,395.0,ok
2020,191,THE LONGING,893850,2020-05,196.49,477.0,ok
2020,191,THE LONGING,893850,2020-06,130.02,235.0,ok
2020,191,THE LONGING,893850,2020-07,105.26,198.0,ok
2020,191,THE LONGING,893850,2020-08,199.35,593.0,ok
2020,191,THE LONGING,893850,2020-09,303.83,595.0,ok
2020,191,THE LONGING,893850,2020-10,138.51,253.0,ok
2020,191,THE LONGING,893850,2020-11,123.03,252.0,ok
2020,191,THE LONGING,893850,2020-12,152.91,240.0,ok
2020,192,112 Operator,793460,2020-04,751.07,1646.0,ok
2020,192,112 Operator,793460,2020-05,150.72,609.0,ok
2020,192,112 Operator,793460,2020-06,117.73,382.0,ok
2020,192,112 Operator,793460,2020-07,61.52,165.0,ok
2020,192,112 Operator,793460,2020-08,60.42,170.0,ok
2020,192,112 Operator,793460,2020-09,40.94,114.0,ok
2020,192,112 Operator,793460,2020-10,55.76,134.0,ok
2020,192,112 Operator,793460,2020-11,41.13,111.0,ok
2020,192,112 Operator,793460,2020-12,64.83,159.0,ok
2020,193,INMOST,938560,2020-08,133.46,421.0,ok
2020,193,INMOST,938560,2020-09,32.15,79.0,ok
2020,193,INMOST,938560,2020-10,14.28,44.0,ok
2020,193,INMOST,938560,2020-11,11.71,42.0,ok
2020,193,INMOST,938560,2020-12,11.77,51.0,ok
2020,194,Yokai's Secret,1146630,2020-02,146.64,787.0,ok
2020,194,Yokai's Secret,1146630,2020-03,38.93,174.0,ok
2020,194,Yokai's Secret,1146630,2020-04,46.35,248.0,ok
2020,194,Yokai's Secret,1146630,2020-05,30.8,94.0,ok
2020,194,Yokai's Secret,1146630,2020-06,35.23,180.0,ok
2020,194,Yokai's Secret,1146630,2020-07,47.56,136.0,ok
2020,194,Yokai's Secret,1146630,2020-08,27.2,79.0,ok
2020,194,Yokai's Secret,1146630,2020-09,18.76,51.0,ok
2020,194,Yokai's Secret,1146630,2020-10,20.4,69.0,ok
2020,194,Yokai's Secret,1146630,2020-11,18.15,77.0,ok
2020,194,Yokai's Secret,1146630,2020-12,24.96,91.0,ok
2020,195,Blood of Steel,567630,2020-10,1032.95,1612.0,ok
2020,195,Blood of Steel,567630,2020-11,1216.08,2079.0,ok
2020,195,Blood of Steel,567630,2020-12,1160.34,2182.0,ok
2020,196,DIRT 5,1038250,2020-11,134.35,659.0,ok
2020,196,DIRT 5,1038250,2020-12,71.85,199.0,ok
2020,197,The Infected,1360000,2020-08,230.56,557.0,ok
2020,197,The Infected,1360000,2020-09,192.53,460.0,ok
2020,197,The Infected,1360000,2020-10,103.61,230.0,ok
2020,197,The Infected,1360000,2020-11,181.61,615.0,ok
2020,197,The Infected,1360000,2020-12,488.9,1089.0,ok
2020,198,Phoenix Point,839770,2020-12,2087.05,4969.0,ok
2020,199,The Wind Road,1264670,2020-07,900.37,4851.0,ok
2020,199,The Wind Road,1264670,2020-08,99.6,434.0,ok
2020,199,The Wind Road,1264670,2020-09,35.51,137.0,ok
2020,199,The Wind Road,1264670,2020-10,26.17,74.0,ok
2020,199,The Wind Road,1264670,2020-11,19.26,72.0,ok
2020,199,The Wind Road,1264670,2020-12,19.77,68.0,ok
2020,200,SWORD ART ONLINE Alicization Lycoris,1009290,2020-07,3172.09,8493.0,ok
2020,200,SWORD ART ONLINE Alicization Lycoris,1009290,2020-08,977.05,2706.0,ok
2020,200,SWORD ART ONLINE Alicization Lycoris,1009290,2020-09,434.58,992.0,ok
2020,200,SWORD ART ONLINE Alicization Lycoris,1009290,2020-10,263.81,710.0,ok
2020,200,SWORD ART ONLINE Alicization Lycoris,1009290,2020-11,163.98,380.0,ok
2020,200,SWORD ART ONLINE Alicization Lycoris,1009290,2020-12,203.42,527.0,ok
2020,201,Littlewood,894940,2020-01,101.41,547.0,ok
2020,201,Littlewood,894940,2020-02,77.09,245.0,ok
2020,201,Littlewood,894940,2020-03,64.74,143.0,ok
2020,201,Littlewood,894940,2020-04,48.74,127.0,ok
2020,201,Littlewood,894940,2020-05,54.38,139.0,ok
2020,201,Littlewood,894940,2020-06,74.0,228.0,ok
2020,201,Littlewood,894940,2020-07,132.93,257.0,ok
2020,201,Littlewood,894940,2020-08,584.5,1644.0,ok
2020,201,Littlewood,894940,2020-09,210.12,438.0,ok
2020,201,Littlewood,894940,2020-10,246.36,763.0,ok
2020,201,Littlewood,894940,2020-11,248.37,601.0,ok
2020,201,Littlewood,894940,2020-12,224.7,625.0,ok
2020,202,DAEMON X MACHINA,1167450,2020-02,2551.54,9186.0,ok
2020,202,DAEMON X MACHINA,1167450,2020-03,292.34,1394.0,ok
2020,202,DAEMON X MACHINA,1167450,2020-04,97.72,255.0,ok
2020,202,DAEMON X MACHINA,1167450,2020-05,142.98,378.0,ok
2020,202,DAEMON X MACHINA,1167450,2020-06,54.96,123.0,ok
2020,202,DAEMON X MACHINA,1167450,2020-07,59.04,114.0,ok
2020,202,DAEMON X MACHINA,1167450,2020-08,47.09,92.0,ok
2020,202,DAEMON X MACHINA,1167450,2020-09,39.44,80.0,ok
2020,202,DAEMON X MACHINA,1167450,2020-10,34.18,75.0,ok
2020,202,DAEMON X MACHINA,1167450,2020-11,189.91,737.0,ok
2020,202,DAEMON X MACHINA,1167450,2020-12,90.83,268.0,ok
2020,203,Riddle Joker,1277930,2020-12,342.49,703.0,ok
2020,204,The Suicide of Rachel Foster,1057750,2020-02,133.56,308.0,ok
2020,204,The Suicide of Rachel Foster,1057750,2020-03,32.63,168.0,ok
2020,204,The Suicide of Rachel Foster,1057750,2020-04,22.93,61.0,ok
2020,204,The Suicide of Rachel Foster,1057750,2020-05,11.85,45.0,ok
2020,204,The Suicide of Rachel Foster,1057750,2020-06,9.24,27.0,ok
2020,204,The Suicide of Rachel Foster,1057750,2020-07,8.44,32.0,ok
2020,204,The Suicide of Rachel Foster,1057750,2020-08,13.07,38.0,ok
2020,204,The Suicide of Rachel Foster,1057750,2020-09,19.47,142.0,ok
2020,204,The Suicide of Rachel Foster,1057750,2020-10,22.77,88.0,ok
2020,204,The Suicide of Rachel Foster,1057750,2020-11,39.8,115.0,ok
2020,204,The Suicide of Rachel Foster,1057750,2020-12,20.54,57.0,ok
2020,205,The White Door,1145960,2020-01,178.73,717.0,ok
2020,205,The White Door,1145960,2020-02,52.35,163.0,ok
2020,205,The White Door,1145960,2020-03,59.84,604.0,ok
2020,205,The White Door,1145960,2020-04,32.44,168.0,ok
2020,205,The White Door,1145960,2020-05,44.31,170.0,ok
2020,205,The White Door,1145960,2020-06,23.9,66.0,ok
2020,205,The White Door,1145960,2020-07,24.5,68.0,ok
2020,205,The White Door,1145960,2020-08,15.85,32.0,ok
2020,205,The White Door,1145960,2020-09,12.95,32.0,ok
2020,205,The White Door,1145960,2020-10,22.99,127.0,ok
2020,205,The White Door,1145960,2020-11,22.85,63.0,ok
2020,205,The White Door,1145960,2020-12,20.29,51.0,ok
2020,206,Kidnapped Girl,1274290,2020-06,40.61,126.0,ok
2020,206,Kidnapped Girl,1274290,2020-07,20.53,126.0,ok
2020,206,Kidnapped Girl,1274290,2020-08,19.18,37.0,ok
2020,206,Kidnapped Girl,1274290,2020-09,11.15,36.0,ok
2020,206,Kidnapped Girl,1274290,2020-10,7.84,18.0,ok
2020,206,Kidnapped Girl,1274290,2020-11,8.26,23.0,ok
2020,206,Kidnapped Girl,1274290,2020-12,7.55,18.0,ok
2020,207,DOOM Eternal: The Ancient Gods - Part One,1098292,,,,request_error
2020,208,Captain Tsubasa: Rise of New Champions,1163550,2020-09,647.86,2585.0,ok
2020,208,Captain Tsubasa: Rise of New Champions,1163550,2020-10,203.4,476.0,ok
2020,208,Captain Tsubasa: Rise of New Champions,1163550,2020-11,97.84,221.0,ok
2020,208,Captain Tsubasa: Rise of New Champions,1163550,2020-12,107.71,220.0,ok
2020,209,YOU and ME and HER: A Love Story,1293820,2020-05,71.01,98.0,ok
2020,209,YOU and ME and HER: A Love Story,1293820,2020-06,22.19,80.0,ok
2020,209,YOU and ME and HER: A Love Story,1293820,2020-07,17.53,42.0,ok
2020,209,YOU and ME and HER: A Love Story,1293820,2020-08,13.45,36.0,ok
2020,209,YOU and ME and HER: A Love Story,1293820,2020-09,8.15,21.0,ok
2020,209,YOU and ME and HER: A Love Story,1293820,2020-10,6.01,18.0,ok
2020,209,YOU and ME and HER: A Love Story,1293820,2020-11,8.75,26.0,ok
2020,209,YOU and ME and HER: A Love Story,1293820,2020-12,8.61,26.0,ok
2020,210,Empire of Sin,604540,2020-12,1446.29,7728.0,ok
2020,211,Spirit of the North,1213700,2020-05,28.45,109.0,ok
2020,211,Spirit of the North,1213700,2020-06,12.85,52.0,ok
2020,211,Spirit of the North,1213700,2020-07,13.47,39.0,ok
2020,211,Spirit of the North,1213700,2020-08,19.38,141.0,ok
2020,211,Spirit of the North,1213700,2020-09,14.25,53.0,ok
2020,211,Spirit of the North,1213700,2020-10,8.09,24.0,ok
2020,211,Spirit of the North,1213700,2020-11,14.05,46.0,ok
2020,211,Spirit of the North,1213700,2020-12,15.58,61.0,ok
2020,212,Dictators:No Peace Countryballs,1139890,2020-01,33.94,160.0,ok
2020,212,Dictators:No Peace Countryballs,1139890,2020-02,44.3,263.0,ok
2020,212,Dictators:No Peace Countryballs,1139890,2020-03,27.72,82.0,ok
2020,212,Dictators:No Peace Countryballs,1139890,2020-04,17.66,42.0,ok
2020,212,Dictators:No Peace Countryballs,1139890,2020-05,12.2,31.0,ok
2020,212,Dictators:No Peace Countryballs,1139890,2020-06,10.72,29.0,ok
2020,212,Dictators:No Peace Countryballs,1139890,2020-07,9.18,24.0,ok
2020,212,Dictators:No Peace Countryballs,1139890,2020-08,13.01,49.0,ok
2020,212,Dictators:No Peace Countryballs,1139890,2020-09,10.21,25.0,ok
2020,212,Dictators:No Peace Countryballs,1139890,2020-10,13.01,39.0,ok
2020,212,Dictators:No Peace Countryballs,1139890,2020-11,13.02,29.0,ok
2020,212,Dictators:No Peace Countryballs,1139890,2020-12,15.82,48.0,ok
2020,213,HARD BULLET,1294760,2020-10,3.02,10.0,ok
2020,213,HARD BULLET,1294760,2020-11,1.5,7.0,ok
2020,213,HARD BULLET,1294760,2020-12,2.27,10.0,ok
2020,214,Startup Company,606800,2020-01,101.9,226.0,ok
2020,214,Startup Company,606800,2020-02,122.93,277.0,ok
2020,214,Startup Company,606800,2020-03,112.37,236.0,ok
2020,214,Startup Company,606800,2020-04,399.96,1394.0,ok
2020,214,Startup Company,606800,2020-05,185.34,423.0,ok
2020,214,Startup Company,606800,2020-06,153.07,433.0,ok
2020,214,Startup Company,606800,2020-07,141.61,447.0,ok
2020,214,Startup Company,606800,2020-08,90.17,188.0,ok
2020,214,Startup Company,606800,2020-09,125.24,337.0,ok
2020,214,Startup Company,606800,2020-10,157.4,311.0,ok
2020,214,Startup Company,606800,2020-11,90.02,182.0,ok
2020,214,Startup Company,606800,2020-12,184.4,917.0,ok
2020,215,Hello Neighbor 2 Alpha 1.5,1364960,2020-07,589.41,1061.0,ok
2020,215,Hello Neighbor 2 Alpha 1.5,1364960,2020-08,198.45,664.0,ok
2020,215,Hello Neighbor 2 Alpha 1.5,1364960,2020-09,75.48,184.0,ok
2020,215,Hello Neighbor 2 Alpha 1.5,1364960,2020-10,108.36,669.0,ok
2020,215,Hello Neighbor 2 Alpha 1.5,1364960,2020-11,135.91,364.0,ok
2020,215,Hello Neighbor 2 Alpha 1.5,1364960,2020-12,83.67,175.0,ok
2020,216,Atomicrops,757320,2020-09,335.78,547.0,ok
2020,216,Atomicrops,757320,2020-10,82.27,194.0,ok
2020,216,Atomicrops,757320,2020-11,45.98,92.0,ok
2020,216,Atomicrops,757320,2020-12,74.6,202.0,ok
2020,217,Monster Prom 2: Monster Camp,1140270,2020-10,523.15,1153.0,ok
2020,217,Monster Prom 2: Monster Camp,1140270,2020-11,208.38,954.0,ok
2020,217,Monster Prom 2: Monster Camp,1140270,2020-12,134.68,524.0,ok
2020,218,art of rally,550320,2020-09,242.1,421.0,ok
2020,218,art of rally,550320,2020-10,130.82,290.0,ok
2020,218,art of rally,550320,2020-11,87.19,281.0,ok
2020,218,art of rally,550320,2020-12,94.25,231.0,ok
2020,219,The Test: Hypothesis Rising,1282200,,,,request_error
2020,220,Haven,983970,2020-12,136.35,572.0,ok
2020,221,The Pedestrian,466630,2020-02,34.32,160.0,ok
2020,221,The Pedestrian,466630,2020-03,20.48,118.0,ok
2020,221,The Pedestrian,466630,2020-04,10.07,28.0,ok
2020,221,The Pedestrian,466630,2020-05,5.71,18.0,ok
2020,221,The Pedestrian,466630,2020-06,9.46,69.0,ok
2020,221,The Pedestrian,466630,2020-07,14.0,54.0,ok
2020,221,The Pedestrian,466630,2020-08,5.3,20.0,ok
2020,221,The Pedestrian,466630,2020-09,3.39,12.0,ok
2020,221,The Pedestrian,466630,2020-10,7.91,59.0,ok
2020,221,The Pedestrian,466630,2020-11,6.31,28.0,ok
2020,221,The Pedestrian,466630,2020-12,9.33,33.0,ok
2020,222,Propagation VR,1363430,2020-10,28.76,78.0,ok
2020,222,Propagation VR,1363430,2020-11,20.3,61.0,ok
2020,222,Propagation VR,1363430,2020-12,19.4,67.0,ok
2020,223,Call of the Sea,1042490,2020-12,72.27,191.0,ok
2020,224,Devolverland Expo,1283220,2020-07,267.22,2940.0,ok
2020,224,Devolverland Expo,1283220,2020-08,21.64,55.0,ok
2020,224,Devolverland Expo,1283220,2020-09,10.44,26.0,ok
2020,224,Devolverland Expo,1283220,2020-10,6.94,16.0,ok
2020,224,Devolverland Expo,1283220,2020-11,4.47,12.0,ok
2020,224,Devolverland Expo,1283220,2020-12,3.93,12.0,ok
2020,225,Vampires' Melody,1377360,2020-10,27.95,167.0,ok
2020,225,Vampires' Melody,1377360,2020-11,11.02,52.0,ok
2020,225,Vampires' Melody,1377360,2020-12,11.4,75.0,ok
2020,226,The Battle of Polytopia,874390,2020-08,177.69,430.0,ok
2020,226,The Battle of Polytopia,874390,2020-09,92.32,161.0,ok
2020,226,The Battle of Polytopia,874390,2020-10,79.07,179.0,ok
2020,226,The Battle of Polytopia,874390,2020-11,102.33,189.0,ok
2020,226,The Battle of Polytopia,874390,2020-12,109.01,224.0,ok
2020,227,Ninja Kiwi Archive,1275350,2020-07,203.93,379.0,ok
2020,227,Ninja Kiwi Archive,1275350,2020-08,127.19,203.0,ok
2020,227,Ninja Kiwi Archive,1275350,2020-09,113.56,165.0,ok
2020,227,Ninja Kiwi Archive,1275350,2020-10,107.27,158.0,ok
2020,227,Ninja Kiwi Archive,1275350,2020-11,108.74,163.0,ok
2020,227,Ninja Kiwi Archive,1275350,2020-12,87.49,149.0,ok
2020,228,Creaks,956030,2020-07,133.36,266.0,ok
2020,228,Creaks,956030,2020-08,44.97,160.0,ok
2020,228,Creaks,956030,2020-09,23.45,59.0,ok
2020,228,Creaks,956030,2020-10,20.65,56.0,ok
2020,228,Creaks,956030,2020-11,21.44,69.0,ok
2020,228,Creaks,956030,2020-12,32.99,99.0,ok
2020,229,Per Aspera,803050,2020-12,817.0,4326.0,ok
2020,230,Trials of Mana,924980,2020-05,1710.56,6794.0,ok
2020,230,Trials of Mana,924980,2020-06,316.29,817.0,ok
2020,230,Trials of Mana,924980,2020-07,201.72,500.0,ok
2020,230,Trials of Mana,924980,2020-08,241.0,721.0,ok
2020,230,Trials of Mana,924980,2020-09,95.67,220.0,ok
2020,230,Trials of Mana,924980,2020-10,167.62,504.0,ok
2020,230,Trials of Mana,924980,2020-11,144.38,404.0,ok
2020,230,Trials of Mana,924980,2020-12,119.02,384.0,ok
2020,231,Sakuna: Of Rice and Ruin,1356670,2020-11,2811.22,6953.0,ok
2020,231,Sakuna: Of Rice and Ruin,1356670,2020-12,775.53,3156.0,ok
2020,232,STORY OF SEASONS: Friends of Mineral Town,978780,2020-07,1787.68,3682.0,ok
2020,232,STORY OF SEASONS: Friends of Mineral Town,978780,2020-08,705.62,1981.0,ok
2020,232,STORY OF SEASONS: Friends of Mineral Town,978780,2020-09,269.0,573.0,ok
2020,232,STORY OF SEASONS: Friends of Mineral Town,978780,2020-10,229.78,683.0,ok
2020,232,STORY OF SEASONS: Friends of Mineral Town,978780,2020-11,241.45,654.0,ok
2020,232,STORY OF SEASONS: Friends of Mineral Town,978780,2020-12,290.71,670.0,ok
2020,233,Soda Dungeon 2,946050,2020-07,7262.81,11281.0,ok
2020,233,Soda Dungeon 2,946050,2020-08,3508.21,5820.0,ok
2020,233,Soda Dungeon 2,946050,2020-09,1778.05,2853.0,ok
2020,233,Soda Dungeon 2,946050,2020-10,1243.51,1754.0,ok
2020,233,Soda Dungeon 2,946050,2020-11,910.52,1212.0,ok
2020,233,Soda Dungeon 2,946050,2020-12,684.69,851.0,ok
2020,234,Cute Honey,1347430,2020-07,364.67,1144.0,ok
2020,234,Cute Honey,1347430,2020-08,107.54,341.0,ok
2020,234,Cute Honey,1347430,2020-09,32.62,81.0,ok
2020,234,Cute Honey,1347430,2020-10,26.77,77.0,ok
2020,234,Cute Honey,1347430,2020-11,19.77,60.0,ok
2020,234,Cute Honey,1347430,2020-12,21.43,59.0,ok
2020,235,Ratropolis,1108370,2020-01,233.27,775.0,ok
2020,235,Ratropolis,1108370,2020-02,331.57,788.0,ok
2020,235,Ratropolis,1108370,2020-03,156.12,391.0,ok
2020,235,Ratropolis,1108370,2020-04,97.9,207.0,ok
2020,235,Ratropolis,1108370,2020-05,151.27,435.0,ok
2020,235,Ratropolis,1108370,2020-06,103.01,315.0,ok
2020,235,Ratropolis,1108370,2020-07,145.88,424.0,ok
2020,235,Ratropolis,1108370,2020-08,86.0,189.0,ok
2020,235,Ratropolis,1108370,2020-09,95.32,239.0,ok
2020,235,Ratropolis,1108370,2020-10,97.05,399.0,ok
2020,235,Ratropolis,1108370,2020-11,229.4,496.0,ok
2020,235,Ratropolis,1108370,2020-12,333.38,1080.0,ok
2020,236,SUCCUBUS: Prologue,1344350,2020-07,184.96,395.0,ok
2020,236,SUCCUBUS: Prologue,1344350,2020-08,61.01,246.0,ok
2020,236,SUCCUBUS: Prologue,1344350,2020-09,25.05,64.0,ok
2020,236,SUCCUBUS: Prologue,1344350,2020-10,20.17,53.0,ok
2020,236,SUCCUBUS: Prologue,1344350,2020-11,19.25,53.0,ok
2020,236,SUCCUBUS: Prologue,1344350,2020-12,20.3,57.0,ok
2020,237,The Test: Final Revelation,1428310,2020-10,1.64,7.0,ok
2020,237,The Test: Final Revelation,1428310,2020-11,0.63,3.0,ok
2020,237,The Test: Final Revelation,1428310,2020-12,0.66,4.0,ok
2020,238,Hentai Vs Furries,1208260,2020-02,1.22,8.0,ok
2020,238,Hentai Vs Furries,1208260,2020-03,1.84,8.0,ok
2020,238,Hentai Vs Furries,1208260,2020-04,1.5,6.0,ok
2020,238,Hentai Vs Furries,1208260,2020-05,2.12,8.0,ok
2020,238,Hentai Vs Furries,1208260,2020-06,1.43,6.0,ok
2020,238,Hentai Vs Furries,1208260,2020-07,3.33,17.0,ok
2020,238,Hentai Vs Furries,1208260,2020-08,1.52,8.0,ok
2020,238,Hentai Vs Furries,1208260,2020-09,2.46,9.0,ok
2020,238,Hentai Vs Furries,1208260,2020-10,2.42,10.0,ok
2020,238,Hentai Vs Furries,1208260,2020-11,2.54,13.0,ok
2020,238,Hentai Vs Furries,1208260,2020-12,3.05,13.0,ok
2020,239,Crown Trick,1000010,2020-10,2357.63,6590.0,ok
2020,239,Crown Trick,1000010,2020-11,452.97,1991.0,ok
2020,239,Crown Trick,1000010,2020-12,128.74,333.0,ok
2020,240,Kill It With Fire,1179210,2020-08,76.25,253.0,ok
2020,240,Kill It With Fire,1179210,2020-09,24.58,56.0,ok
2020,240,Kill It With Fire,1179210,2020-10,27.57,166.0,ok
2020,240,Kill It With Fire,1179210,2020-11,13.93,45.0,ok
2020,240,Kill It With Fire,1179210,2020-12,23.89,120.0,ok
2020,241,Left on Read,1306580,2020-05,164.25,309.0,ok
2020,241,Left on Read,1306580,2020-06,66.01,143.0,ok
2020,241,Left on Read,1306580,2020-07,41.68,76.0,ok
2020,241,Left on Read,1306580,2020-08,31.84,62.0,ok
2020,241,Left on Read,1306580,2020-09,19.57,39.0,ok
2020,241,Left on Read,1306580,2020-10,19.93,41.0,ok
2020,241,Left on Read,1306580,2020-11,18.79,37.0,ok
2020,241,Left on Read,1306580,2020-12,19.19,44.0,ok
2020,242,Cloud Meadow,1223750,2020-03,45.35,235.0,ok
2020,242,Cloud Meadow,1223750,2020-04,31.01,62.0,ok
2020,242,Cloud Meadow,1223750,2020-05,28.84,51.0,ok
2020,242,Cloud Meadow,1223750,2020-06,38.82,150.0,ok
2020,242,Cloud Meadow,1223750,2020-07,56.02,122.0,ok
2020,242,Cloud Meadow,1223750,2020-08,41.8,110.0,ok
2020,242,Cloud Meadow,1223750,2020-09,28.12,50.0,ok
2020,242,Cloud Meadow,1223750,2020-10,26.94,103.0,ok
2020,242,Cloud Meadow,1223750,2020-11,37.95,95.0,ok
2020,242,Cloud Meadow,1223750,2020-12,45.59,150.0,ok
2020,243,Firefighting Simulator - The Squad,420560,2020-11,995.16,2582.0,ok
2020,243,Firefighting Simulator - The Squad,420560,2020-12,267.2,603.0,ok
2020,244,Root,965580,2020-08,230.4,409.0,ok
2020,244,Root,965580,2020-09,130.57,305.0,ok
2020,244,Root,965580,2020-10,114.17,307.0,ok
2020,244,Root,965580,2020-11,90.06,196.0,ok
2020,244,Root,965580,2020-12,93.82,293.0,ok
2020,245,Othercide,798490,2020-08,282.21,1138.0,ok
2020,245,Othercide,798490,2020-09,141.34,500.0,ok
2020,245,Othercide,798490,2020-10,81.11,244.0,ok
2020,245,Othercide,798490,2020-11,93.52,230.0,ok
2020,245,Othercide,798490,2020-12,71.06,200.0,ok
2020,246,Swaying Girl,1393350,2020-10,15.48,50.0,ok
2020,246,Swaying Girl,1393350,2020-11,16.08,138.0,ok
2020,246,Swaying Girl,1393350,2020-12,14.69,82.0,ok
2020,247,Observation,906100,2020-05,421.94,1027.0,ok
2020,247,Observation,906100,2020-06,63.23,173.0,ok
2020,247,Observation,906100,2020-07,40.43,124.0,ok
2020,247,Observation,906100,2020-08,17.04,38.0,ok
2020,247,Observation,906100,2020-09,10.3,31.0,ok
2020,247,Observation,906100,2020-10,11.93,85.0,ok
2020,247,Observation,906100,2020-11,21.93,88.0,ok
2020,247,Observation,906100,2020-12,18.83,77.0,ok
2020,248,Ring of Pain,998740,2020-10,553.95,1233.0,ok
2020,248,Ring of Pain,998740,2020-11,256.13,498.0,ok
2020,248,Ring of Pain,998740,2020-12,202.62,352.0,ok
2020,249,"Poker Master - Texas Hold'em, Roulette, Blackjack, Baccarat, Omaha, Slots, Teen Patti",994910,2020-10,0.27,4.0,ok
2020,249,"Poker Master - Texas Hold'em, Roulette, Blackjack, Baccarat, Omaha, Slots, Teen Patti",994910,2020-11,1.13,5.0,ok
2020,249,"Poker Master - Texas Hold'em, Roulette, Blackjack, Baccarat, Omaha, Slots, Teen Patti",994910,2020-12,1.06,5.0,ok
2020,250,Calico,1112890,2020-12,128.09,249.0,ok
